filename,id,3PG M0,3PG M1,3PG M2,3PG M3,aconitate M0,aconitate M1,aconitate M2,aconitate M3,aconitate M4,aconitate M5,aconitate M6,citrate M0,citrate M1,citrate M2,citrate M3,citrate M4,citrate M5,citrate M6,DHAP M0,DHAP M1,DHAP M2,DHAP M3,FBP M0,FBP M1,FBP M2,FBP M3,FBP M4,FBP M5,FBP M6,G1P M0,G1P M1,G1P M2,G1P M3,G1P M4,G1P M5,G1P M6,G3P M0,G3P M1,G3P M2,G3P M3,G6P M0,G6P M1,G6P M2,G6P M3,G6P M4,G6P M5,G6P M6,GAP M0,GAP M1,GAP M2,GAP M3,palmitate M0,palmitate M1,palmitate M2,palmitate M3,palmitate M4,palmitate M5,palmitate M6,palmitate M7,palmitate M8,PEP M0,PEP M1,PEP M2,PEP M3,R5P M0,R5P M1,R5P M2,R5P M3,R5P M4,R5P M5,sedoheptulose M0,sedoheptulose M1,sedoheptulose M2,sedoheptulose M3,sedoheptulose M4,sedoheptulose M5,sedoheptulose M6,sedoheptulose M7
1,glc2 21% 1 a,1102092.94,0,873192.4877,0,9647067.901,665593.8963,2828940.563,0,0,0,0,42967657.8,3603148.263,10250404.74,349203.411,519459.5583,0,0,813545.8988,0,952270.9589,0,571416.9843,0,4915543.554,83625.24668,533046.3352,0,0,0,0,0,0,0,0,0,2592903.429,0,330390.019,0,0,0,513581.611,0,0,0,0,643583.1094,0,809524.8511,0,332134191.1,59168961.08,5833672.804,0,0,0,0,0,0,194934.8644,0,143019.6318,0,0,288275.6277,48831.73833,156181.4719,0,0,0,0,0,0,0,0,0,0
2,glc2 21% 1 b,1506029.338,0,1167001.755,0,11697022.72,913747.3067,3649083.075,139603.107,133177.0567,0,0,61758228.94,5173474.094,16384716.3,643804.4636,1040202.501,0,0,1274232.793,0,1318754.141,0,928180.3572,0,5276147.801,0,743616.1057,0,0,0,0,128790.1604,0,0,0,0,652223.312,59914.2427,579048.5693,0,0,0,0,0,0,0,0,795549.047,0,465455.9273,0,585065726.7,98448881.68,8382475.254,0,0,0,0,0,0,344735.8582,0,157101.8143,0,0,434249.2266,0,256696.4854,0,0,0,0,0,0,0,0,0,0
3,glc2 21% 1 c,1426045.825,0,1095496.073,0,12416879.78,1073262.515,3583208.19,0,183077.7557,0,0,53680020.74,4434477.13,13918860.92,376631.4467,683077.4729,0,0,1044911.243,0,1605379.409,0,998745.4096,0,5090480.157,59416.54709,786352.2415,0,0,0,0,105228.3367,0,0,0,0,2929012.331,0,660275.6534,0,0,0,413728.3983,0,0,0,0,637089.1597,0,637663.3842,0,218621807,37461662.52,3701160.678,0,0,0,0,0,0,326700.8664,0,170524.8554,0,0,498344.9464,0,233383.2882,0,0,0,0,0,0,0,0,0,0
4,glc6 21% 1 a,120941.7486,0,0,4038749.763,10909235.83,855949.9276,7459094.522,1543912.671,498210.4034,1168977.577,0,50215817.96,4425465.892,28240557.73,5765089.689,2445699.89,3867658.705,44356.11932,0,0,0,2528300.215,112040.1954,0,0,260344.0997,0,250508.361,8534735.137,175707.2283,0,0,0,0,0,140874.5147,2790933.708,0,0,2122777.149,0,0,0,0,0,0,746181.407,410404.1435,0,225061.5783,456604.8484,363408687,62488231.96,5903229.107,0,0,0,0,0,0,0,0,0,845100.3487,0,0,0,0,0,1653487.345,0,0,0,0,0,0,0,0
5,glc6 21% 1 b,113135.2358,0,0,3677625.66,9932270.63,705325.5592,7214023.715,1288255.326,640904.2282,1065934.882,0,52901999.83,4764080.947,29518585.95,6125382.698,2687805.309,4213535.466,62380.16112,0,0,0,1521843.902,96671.95226,0,0,294043.0653,0,192704.2539,8259372.123,0,0,0,0,0,0,126580.4826,2590663.627,0,0,2183560.153,107586.4137,0,0,0,0,0,699550.7636,500840.4406,0,266049.7227,0,114374367.5,20799091.26,2420744.86,0,0,0,0,0,0,0,0,0,754102.0501,0,0,0,0,0,1523451.433,0,0,0,0,0,0,0,0
6,glc6 21% 1 c,176285.0293,0,0,3514727.767,10155745.02,918719.7315,6454793.179,1299514.716,452064.9151,934740.0165,0,56391166.32,4623835.083,27329324.48,5838818.924,2098314.294,3773835.223,100981.5218,33468.18704,0,0,1721512.097,90607.06511,0,0,338998.601,0,255898.2819,8665198.338,0,0,0,0,0,0,126341.4467,2838534.551,0,0,2019743.083,0,0,0,0,0,0,710835.6392,509328.2755,0,0,0,192876001.2,34671665.67,3054283.242,0,0,0,0,0,0,0,0,0,699833.043,0,0,0,0,0,1467899.243,0,0,0,0,0,0,0,0
7,q5 21% 1 a,3709611.122,0,0,0,11472185.04,725372.5543,574015.6277,981343.6141,4215811.883,1706475.121,0,50422560.79,4306090.213,2992274.648,3787590.246,16414223,6012836.454,0,990125.5578,0,0,0,9036318.254,236769.3772,0,0,0,0,0,568285.6947,0,0,0,0,0,0,4239766.401,0,0,0,928338.2603,0,0,0,0,0,0,1144093.929,0,143513.6554,0,142763476.9,25721869.91,2953134.591,0,0,0,0,0,0,957895.8663,0,0,0,1173567.414,0,0,0,0,0,0,0,0,0,0,0,0,0
8,q5 21% 1 b,4273087.982,0,0,0,12194363.71,885494.0182,592883.0191,1215456.642,5010130.26,2017485.097,0,85205773.84,4866768.769,3385189.961,4310580.112,20070126.3,6652711.034,0,3132055.311,0,0,0,9878850.554,378081.3282,0,0,0,0,0,735436.3545,0,0,0,0,0,0,4786114.78,0,0,0,1059953.458,0,0,0,0,0,0,1147152.956,0,0,0,402991411.6,66717818.25,6076604.896,0,0,0,0,0,0,994117.31,0,0,0,1668702.869,0,0,0,0,0,0,0,0,0,0,0,0,0
9,q5 21% 1 c,3179994.135,0,0,0,9485058.358,587697.0372,562026.8257,940384.1064,3779359.773,1528882.076,0,48806053.57,3844600.257,2648357.389,3885065.938,16061052.88,5924623.598,0,2617769.383,0,0,0,8294895.784,163674.4629,0,0,0,0,0,551010.5001,0,0,0,0,0,0,3910220.358,0,0,0,886431.3646,0,0,0,0,0,0,894688.5855,0,0,0,398132121.6,66819571.24,6476494.409,0,0,0,0,0,0,804182.3152,0,0,0,1519458.896,0,0,0,0,0,0,0,0,0,0,0,0,0
10,lac3 21% 1 a,4188618.276,0,0,185368.2023,13485437.16,992199.6172,5987303.144,1149885.723,498407.5475,537368.2929,0,99625392.48,5746495.878,30150132.4,5396377.08,2451378.743,2479569.127,0,1050307.038,0,0,0,10812932.92,397964.6722,0,176832.9012,0,0,0,479784.0591,0,0,0,0,0,0,5275319.643,0,0,0,1238309.601,0,0,0,0,0,0,1438937.338,0,295082.3947,2303267.038,113581268.9,20594884.13,1853327.094,0,0,0,0,0,0,965267.0464,0,0,0,1112205.019,0,0,0,0,0,0,0,0,0,0,0,0,0
11,lac3 21% 1 b,3846155.135,0,0,98786.92242,11821808.89,845484.2359,5642492.134,1067183.161,255008.6457,300978.1162,0,58054741.95,4532355.46,22761988.59,4500022.909,1611014.542,1928375.793,0,2659360.83,0,0,0,9916678.637,342580.673,0,139181.6383,0,0,0,467920.9159,0,0,0,0,0,0,4620959.23,0,0,0,1092883.126,0,0,0,0,0,0,1309846.138,0,0,2247131.64,167288336.5,29926171.57,2368098.809,0,0,0,0,0,0,879845.3632,0,0,35875.55868,1493952.743,0,0,0,0,0,0,0,0,0,0,0,0,0
12,lac3 21% 1 c,3655503.411,0,0,59954.33493,10881281.21,848793.2961,5109660.299,891966.8816,314635.4319,486040.2932,0,89124078.79,5115240.119,26990618.85,4675658.786,1697878.35,1934987.214,0,1708967.076,0,0,0,9588938.451,222975.3362,0,166337.6612,0,0,0,0,0,0,0,0,0,0,4401283.41,0,0,0,1059774.921,0,0,0,0,0,0,1373856.843,0,332617.0262,2461942.496,213473406,36797597.02,3198942.415,0,0,0,0,0,0,689718.8402,0,0,0,1566529.796,0,0,0,0,0,0,0,0,0,0,0,0,0
13,glc2 0.5% 1 a,891785.7489,0,681898.5699,0,8162787.364,503357.6332,1740066.591,0,0,0,0,47836576.29,3748621.743,10145090.89,327571.5445,524475.0557,0,0,709340.3099,0,776745.7316,0,1806078.225,0,13744115.12,456022.6381,1993170.764,0,0,0,0,156392.6035,0,0,0,0,1654462.76,0,386391.2273,0,68149.01072,0,2088402.393,0,0,0,0,340780.8461,0,0,0,120368274.9,21652454.41,1930786.98,0,0,0,0,0,0,78717.14227,0,61286.71129,0,0,0,0,0,0,0,0,0,0,0,0,0,0,0
14,glc2 0.5% 1 b,926431.3183,0,565796.448,0,9503696.754,528869.6738,2245912.512,0,33538.75734,0,0,87169639.72,4300645.72,12530951.65,367621.9824,725209.9339,0,0,729975.8006,0,940744.3733,0,2024119.431,131627.9461,15680263.34,373813.7932,2430367.067,0,0,0,0,190484.9897,0,0,0,0,2006769.626,0,306485.9943,0,171353.8805,0,1886849.148,0,0,0,0,274436.4302,0,262395.8604,0,157649380.5,27906721.57,2910388.253,0,0,0,0,0,0,116732.9492,0,46544.09451,0,0,139310.8984,111400.8028,0,0,0,0,0,0,0,0,0,0,0
15,glc2 0.5% 1 c,908433.9539,0,515161.4577,0,9470372.548,588379.5189,2135530.746,0,0,0,0,57071561.97,4619593.085,11726771.87,354149.9094,619847.5052,0,0,1174718.553,0,1374626.11,0,2215550.588,72938.62833,15456375.45,614345.271,2361970.866,0,0,0,0,123844.1067,0,0,0,0,1674050.848,0,224507.7098,0,0,0,1792686.285,0,0,0,0,303938.9932,0,0,0,138879035,25481909.21,2554611.247,0,0,0,0,0,0,77015.18734,0,0,0,0,230094.3915,75480.20748,83309.04747,92716.37847,0,0,0,0,0,0,0,0,0
16,glc6 0.5% 1 a,0,0,0,1555511.828,5956214.736,0,2736308.582,783560.552,0,454067.0214,0,71965815.9,3684877.824,15830785.47,4560011.456,634871.7824,2654646.39,0,0,0,0,1629347.8,119786.1609,0,0,496429.7069,0,898515.3079,19590375.12,0,0,0,0,0,0,187510.7277,1655642.519,0,0,965738.622,0,0,0,0,0,0,2136851.324,133716.9057,0,0,294339.838,83143247.8,15017389.37,1311853.581,0,0,0,0,0,0,0,0,0,179600.1054,0,0,0,0,0,1198789.198,0,0,0,0,0,0,0,0
17,glc6 0.5% 1 b,0,0,0,2087944.433,7280105.428,442298.152,3110013.555,1005168.35,148735.3679,536064.9965,0,77287827.64,3834691.509,18831351.94,5532109.644,759922.8376,3395602.751,0,0,0,0,2953119.864,0,0,0,695692.2028,0,989973.703,20785918.82,0,0,0,0,0,0,226904.9404,1458859.482,0,0,1256374.92,0,0,0,0,0,0,2324598.62,0,0,0,240545.2348,179046768.6,30218511.64,3900848.715,0,0,0,0,0,0,0,0,0,290135.7798,0,0,0,0,0,1016559.886,0,0,0,0,0,0,0,0
18,glc6 0.5% 1 c,0,0,0,1212741.545,3919489.176,167260.6914,1447833.843,456448.0959,0,146910.9917,0,59449961.99,2099863.587,9648383.694,3080345.2,280811.2534,1539761.996,0,0,0,0,2842223.501,82356.81454,0,0,534226.7444,0,758245.6578,18664953.98,0,0,0,0,0,0,78114.94929,1047830.38,0,0,867211.6712,0,0,0,0,0,0,1336098.017,120715.2887,0,0,0,252761652,43902378.61,3583620.841,0,0,0,0,0,0,0,0,0,81718.08339,0,0,0,0,0,1363413.731,0,0,0,0,0,0,0,0
19,q5 0.5% 1 a,1748688.019,0,0,0,9902770.23,492106.208,0,602038.229,687991.6595,1859865.418,0,78219196.76,3995365.897,749981.7029,2457716.774,3428559.493,8266196.979,0,1268063.497,0,0,0,21084310.35,1032666.503,0,0,0,0,0,775773.3968,0,0,0,0,0,0,2196615.413,0,0,0,2276217.074,0,0,0,0,0,0,515902.981,0,317529.5349,0,91432038.71,15904505.11,1652525.891,0,0,0,0,0,0,280363.4488,0,0,0,978010.5394,0,0,0,0,0,0,0,0,0,0,0,0,0
20,q5 0.5% 1 b,1903012.126,0,0,0,9948990.913,553547.259,0,472720.6997,675838.955,1851556.129,0,86840388.27,4177716.222,657994.6334,2301339.264,3279064.321,8349519.712,0,1116202.862,0,0,0,22092374.25,998680.6002,0,0,0,0,0,0,0,0,0,0,0,0,2298640.251,0,0,0,2177131.545,0,0,0,0,0,0,0,0,0,0,209070318.5,35161769.36,3051399.041,0,0,0,0,0,0,188747.3599,0,0,0,964342.2182,0,0,0,0,0,0,0,0,0,0,0,0,0
21,q5 0.5% 1 c,1707057.556,0,0,0,9581986.01,294022.7674,0,355154.8819,565108.7646,1886086.098,0,69950100.2,3625187.454,301479.7258,1633531.828,2441416.232,6011633.519,0,1321926.399,0,0,0,21795267.4,1071581.817,0,0,0,0,0,411402.4897,0,0,0,0,0,0,2050844.228,0,0,0,2001085.002,0,0,0,0,0,0,470241.7041,0,0,0,257357220.3,45457106.69,3916944.12,0,0,0,0,0,0,199775.813,0,0,0,981360.4397,0,0,0,0,0,0,0,0,0,0,0,0,0
22,lac3 0.5% 1 a,1519641.11,0,0,0,9568809.809,550728.2271,4088942.532,858670.5585,103588.0344,398048.2187,0,71845068.88,3576631.706,17008277.68,2941363.986,714717.0258,2132689.076,0,1470991.849,0,0,0,23485571.81,1137620.928,0,503772.8489,0,0,0,580140.2441,0,0,0,0,0,0,2664633.946,0,0,0,2086417.16,0,0,0,0,0,0,811127.9088,0,0,1154758.723,117283659.7,19396234.07,2184073.269,0,0,0,0,0,0,220137.6384,0,0,0,817440.1787,0,0,0,0,0,0,0,0,0,0,0,0,0
23,lac3 0.5% 1 b,1614035.127,0,0,0,9741813.006,522817.9851,4354125.078,1042456.87,0,516661.4577,0,74537778.96,3672434.197,19230811.11,3793073.072,685513.8272,2251109.682,0,1306460.014,0,0,0,23028624.89,1137336.446,0,478098.9916,0,0,0,0,0,0,0,0,0,0,2287470.468,0,0,0,2034067.926,0,0,0,0,0,0,610444.3768,0,0,1125749.219,206249555.7,36420109.97,3610339.203,0,0,0,0,0,0,112662.4864,0,0,0,670109.8997,0,0,0,0,0,0,0,0,0,0,0,0,0
24,lac3 0.5% 1 c,1288416.634,0,0,0,6563995.295,126120.3214,2428612.026,72745.29774,0,62087.81198,0,62975618.06,3010182.491,13320330.94,2498582.181,246733.2761,1144210.146,0,1361320.201,0,0,0,20046825.56,841952.6957,0,330353.4641,0,0,0,330639.3935,0,0,0,0,0,0,1890019.709,0,0,0,2077096.197,0,0,0,0,0,0,725518.6137,0,0,1119745.687,199657220.5,34056359.68,2986750.36,0,0,0,0,0,0,65760.68372,0,0,0,926369.6536,0,0,0,0,0,0,0,0,0,0,0,0,0
25,glc2 21% 2 a,2527823.576,0,2261430.566,0,13199512.25,986494.0734,5617373.947,246278.2712,536734.8988,0,0,109170875.7,7587176.028,32925986.31,1563154.949,2603972.753,82830.58112,0,1613808.125,0,1784292.708,0,1645421.136,0,6837495.404,134998.5486,1085262.795,0,0,0,0,100605.2137,0,0,0,0,3365096.631,0,985202.7681,0,0,0,609899.5826,0,0,0,0,1422189.153,0,866969.6971,0,49187203.35,9507310.994,920224.283,0,0,0,0,0,0,582575.8718,0,494063.9299,0,0,945820.93,0,470599.8594,0,0,0,0,0,0,0,0,0,0
26,glc2 21% 2 b,2937192.038,0,2291582.703,0,14290062.08,1068166.424,6577759.454,389519.7199,619971.5304,0,0,121512245.8,9073368.201,40401475.36,2063455.964,3510577.717,0,0,1390279.846,0,1720632.742,0,1393555.104,0,7108276.516,152723.7054,1109180.352,0,0,0,0,310700.8798,0,0,0,0,3559992.876,0,1059074.663,0,258324.6673,0,745389.4497,0,0,0,0,1447440.866,0,1278614.343,0,122177067.6,21314814.53,2041725.052,0,0,0,0,0,0,617256.2367,0,533350.6204,0,0,830159.0161,99139.33667,563704.8387,0,0,0,0,0,0,0,0,0,0
27,glc2 21% 2 c,2657201.664,0,2234717.985,0,13941208.24,947887.2946,6055556.427,256036.668,596077.3513,0,0,122284412.4,8474188.958,36212845.23,1624870.511,2976670.188,0,0,1993516.516,0,2262493.893,0,1400785.736,33233.47075,6887294.086,120382.566,1118905.847,0,0,0,0,144444.2172,0,0,0,0,3540481.956,0,1076143.168,0,163485.3429,0,600868.6498,0,0,0,0,1371977.617,0,1099192.526,0,61817019.23,8915607.219,861201.3758,0,0,0,0,0,0,673935.718,0,530528.2809,0,0,831361.6289,0,621699.8576,52355.0619,0,0,0,0,0,0,0,0,0
28,glc6 21% 2 a,189103.2066,0,0,5358348.175,9784562.066,676625.6579,9012401.087,1382402.16,959245.182,1579266.762,0,84108230.81,6140188.073,56173618.1,8317054.098,5680198.313,9008501.684,532844.6171,0,0,0,2581812.285,223777.5398,0,0,202394.2197,0,288802.8502,9354858.186,0,0,0,0,0,0,198181.0036,2182950.741,0,0,2915571.357,208808.9674,0,0,0,0,0,612242.2766,750531.9652,0,0,1389796.327,97943658.27,18815767.14,1606556.386,0,0,0,0,0,0,0,0,0,1030504.978,0,0,0,0,0,1959516.547,0,0,0,0,0,0,0,0
29,glc6 21% 2 b,105810.6094,0,0,5032115.729,9227824.57,730486.8017,9485224.795,1371053.927,1002604.194,1562443.169,0,91516365.68,5903271.705,54276676.24,7953971.436,5668046.159,8647895.749,539220.8353,0,0,0,2978792.159,113116.5206,0,0,204564.7778,0,176531.2523,8523373.073,0,0,0,0,0,0,141458.0428,2368534.744,0,0,2562575.032,201709.2719,0,0,0,0,0,535503.5238,603487.2291,0,0,1134273.82,39024994.05,6659446.013,1109698.864,0,0,0,0,0,0,0,0,0,978317.3958,0,0,0,0,0,1684163.014,0,0,0,0,0,0,0,0
30,glc6 21% 2 c,198766.2539,0,0,6058027.088,6075277.824,417906.3486,7591997.779,1268553.211,860686.1669,1238617.04,0,73951167.23,4518997.275,49593020.52,6790828.992,4797076.761,8073782.715,375499.5836,63689.03231,0,0,3410336.652,267761.0728,0,0,356357.1642,0,303306.0277,10299404.26,139212.309,0,0,0,0,0,232206.9397,2304100.724,0,0,2773142.556,113479.3454,0,0,0,0,0,636348.9469,788765.5053,0,197076.2552,1604753.113,66702112.71,10806910.99,1093551.816,0,0,0,0,0,0,0,0,0,1333673.985,0,0,0,0,0,2374111.048,0,0,0,0,0,0,0,0
31,q5 21% 2 a,6537841.51,0,0,0,14015512.58,1124885.22,1120751.154,1425477.801,6444489.724,2319544.067,0,113750463,7343365.182,6758308.045,7429485.917,33892234.96,11159737.45,0,2003170.055,0,0,0,10725259.38,396993.8389,0,0,0,0,0,0,0,0,0,0,0,0,5494068.093,0,0,0,1418210.409,0,0,0,0,0,0,2877244.075,0,173644.9335,0,84152304.97,14459384.19,1285279.167,0,0,0,0,0,0,1251968.366,0,0,0,2221197.032,0,0,0,0,0,0,0,0,0,0,0,0,0
32,q5 21% 2 b,6104308.598,0,0,0,13524161.99,1024294.39,1121009.499,1483952.076,6421246.586,2195570.326,0,109569513,6966808.541,6041855.407,7029282.707,32971127.79,10390637.03,0,2199817.526,0,0,0,10091047.39,355361.4663,0,0,0,0,0,646104.7652,0,0,0,0,0,0,5296931.369,0,0,0,1004208.633,0,0,0,0,0,0,2007822.461,0,235714.8395,0,171436499.4,29206811.82,2682251.067,0,0,0,0,0,0,1277209.536,0,0,0,1881463.488,0,0,0,0,0,0,0,0,0,0,0,0,0
33,q5 21% 2 c,6174360.631,0,0,0,13498704.75,1070163.976,1255499.563,1545238.007,6430328.833,2344005.797,0,101892004.5,6712707.642,4969684.468,6436773.534,30471433.47,9500863.549,0,2599482.665,0,0,0,9550602.413,375127.6911,0,0,0,0,0,689116.2796,0,0,0,0,0,0,4733448.278,34447.91118,0,0,1014703.421,0,0,0,0,0,0,2386571.998,0,0,0,57247652.18,10917519.8,948531.1704,0,0,0,0,0,0,1141220.911,0,0,0,2261303.286,0,0,0,0,0,0,0,0,0,0,0,0,0
34,lac3 21% 2 a,5629443.869,0,0,265031.7259,14334599.89,1120710.102,8574989.898,1386287.25,627394.6243,771968.6125,0,110392365,7188349.463,44370076.34,7325194.711,3573997.802,3901267.011,30581.30346,3625530.995,0,0,0,10040371.78,291435.1385,0,101255.8668,0,0,0,855144.7437,0,0,0,0,0,0,7026945.148,0,0,0,1604916.404,0,0,0,0,0,0,2401903.479,0,315281.0241,3160244.096,182607379.7,33058892.28,2821502.176,0,0,0,0,0,0,1229603.436,0,0,48645.60983,1930124.631,0,0,0,0,0,0,0,0,0,0,0,0,0
35,lac3 21% 2 b,5944698.861,49370.33916,0,277851.468,15778482.8,1219712.451,9612380.544,1818618.759,644130.5397,848457.3709,0,102802817.7,7113693.02,47422510.65,7439196.773,3175749.661,3833856.342,0,2691137.282,0,0,0,12730717.55,514203.1027,0,395931.9389,0,0,0,622691.031,0,0,0,0,0,0,5576786.012,0,0,0,1250687.311,0,0,0,0,0,0,2743500.995,0,251076.7727,3514523.238,150866826.1,25730016.97,1995896.55,0,0,0,0,0,0,1172257.428,0,0,71164.58211,2582880.64,0,0,0,0,0,0,0,0,0,0,0,0,0
36,lac3 21% 2 c,6079308.159,0,0,278005.226,13848371.55,1032772.406,8663154.731,1621197.44,575535.8565,788065.8527,0,110948046.3,6755955.445,47286065.91,8320844.136,3390790.03,3864104.516,0,2376834.437,0,0,0,11942871.23,471733.3148,0,425417.3342,0,0,0,589078.895,0,0,0,0,0,0,5318450.448,0,0,0,910823.5997,0,0,0,0,0,0,2805685.067,0,0,3073676.542,165589915.9,27684545.82,2649215.167,0,0,0,0,0,0,1111916.053,0,0,0,2265471.665,0,0,0,0,0,0,0,0,0,0,0,0,0
37,glc2 0.5% 2 a,1045780.067,0,858198.0741,0,6599387.097,317291.7853,1822246.91,0,77122.79694,0,0,75521362.63,3850700.864,11844716.85,381508.3057,700552.198,0,0,1036752.391,0,1121927.932,0,2086226.668,103341.3881,15478161.9,613325.1724,2475992.357,0,0,0,0,195982.0825,0,0,0,0,1908582.896,0,353268.2684,0,25559.35947,0,1668070.959,0,0,0,0,0,0,491728.9065,0,124961892.2,21499391.14,2029426.404,0,0,0,0,0,0,112218.0684,0,89714.52196,0,0,150092.5118,142920,0,96764.58122,0,0,0,0,0,0,0,0,0
38,glc2 0.5% 2 b,1151260.709,0,879277.5328,0,6614305.724,368989.4109,1887139.413,0,0,0,0,84085353.58,4208096.367,11761648.28,291145.7074,598757.7653,0,0,4732849.076,0,5907997.313,0,1072520.211,0,8103019.499,102805.7712,952589.2961,0,0,0,0,212049.8769,0,0,0,0,2034082.35,0,224393.8954,0,127101.424,0,1614473.173,0,0,0,0,621879.973,0,458420.3001,0,102910706.8,17449966.93,1908060.613,0,0,0,0,0,0,0,0,0,0,0,250269.3424,164788.4964,64338.35021,0,0,0,0,0,0,0,0,0,0
39,glc2 0.5% 2 c,965637.7499,0,676944.8749,0,8510565.305,562623.5272,2543086.777,83634.20827,112567.5995,0,0,86444561.36,4797038.972,15531325.1,515160.9482,885245.9182,0,0,1144698.535,0,1597566.558,0,1954470.66,81911.95327,15401116.36,479740.7213,2466307.943,0,0,0,0,0,0,0,0,0,1596188.966,0,342401.7066,0,129339.4749,0,1658680.586,0,0,0,0,289373.4093,0,282008.4629,0,68129756.21,13193188.9,980748.5875,0,0,0,0,0,0,79698.39943,0,0,0,0,0,0,119021.8241,0,0,0,0,0,0,0,0,0,0
40,glc6 0.5% 2 a,0,0,0,3339357.446,6360196.036,458796.7473,3748062.303,679602.428,177947.3719,762371.6653,0,78439476.84,4120762.783,23549091.85,4022553.494,1212611.196,3965137.679,0,0,0,0,2302358.557,127195.5628,0,0,368319.0538,0,993723.8076,20730377.07,0,0,0,0,0,0,332952.7104,1618106.517,0,0,1851255.15,99968.40185,0,0,0,0,63101.82102,2752034.919,338872.0793,0,0,396140.5201,34570524.63,6465343.102,556548.4444,0,0,0,0,0,0,0,0,0,589773.0158,0,0,0,0,0,1323812.878,0,0,23121.77245,0,0,0,0,0
41,glc6 0.5% 2 b,0,0,0,2380443.648,8752652.575,507378.936,5314904.885,1022277.554,277571.3839,1020539.292,0,84964103.16,4720782.831,29307746.97,5405700.194,1597902.954,4913576.687,0,0,0,0,1883803.818,100615.9511,0,0,502582.5518,0,1127298.81,23797451.12,0,0,0,0,0,0,150448.0828,1268479.077,0,0,1181863.836,82275.43653,0,0,0,0,0,1813740.153,381690.8253,0,200283.0327,0,46192137.15,7993980.263,685778.1799,0,0,0,0,0,0,0,0,0,227481.2678,0,0,0,0,0,1180178.3,0,0,0,0,0,0,0,0
42,glc6 0.5% 2 c,0,0,0,1634059.748,6120591.369,312795.7281,3318912.198,733770.7203,179376.1473,631969.5045,0,74940361.65,3844984.798,19684204.47,4016389.237,935495.2754,3466658.476,0,0,0,0,2328449.924,131946.5408,0,0,453914.4949,0,773060.7718,18941675.28,0,0,0,0,0,0,154390.4793,1265907.686,0,0,1149305.728,0,0,0,0,0,0,1617883.279,0,0,0,183735.5736,42597547.89,6638278.286,866342.3947,0,0,0,0,0,0,0,0,0,117084.4333,0,0,0,0,0,1330032.641,0,0,0,0,0,0,0,0
43,q5 0.5% 2 a,2204171.315,0,0,0,7622096.028,333802.7812,49613.11466,470874.1481,487279.1783,1657491.093,0,77596589.63,3716470.426,783206.3446,2942299.362,2733705.329,9711685.598,0,2758962.484,0,0,0,21911677.1,1058366.729,0,0,0,0,65203.54201,984744.5991,0,0,0,0,0,0,2725424.102,0,0,0,2139445.6,0,0,0,0,0,0,746076.4393,0,93576.18547,0,63578824.63,11601648.7,1225397.206,0,0,0,0,0,0,351057.4336,0,0,0,1469096.733,0,0,0,0,0,0,0,0,0,0,0,0,0
44,q5 0.5% 2 b,2592694.244,0,0,0,8029658.131,357940.3293,0,551526.1375,562560.2522,2014028.023,0,84416353.23,4212287.834,717279.8961,3417028.244,3668037.887,11588085.23,0,1806783.587,0,0,0,23252022.74,1120176.107,0,0,0,0,0,954166.3029,0,0,0,0,0,0,2736656.707,0,0,0,2561625.412,0,0,0,0,0,0,486833.6176,0,0,0,25186991.56,7242070.855,1068187.502,0,0,0,0,0,0,344625.1469,0,0,0,1547385.12,0,0,0,0,0,0,0,0,0,0,0,0,0
45,q5 0.5% 2 c,2025663.801,0,0,0,10135862.41,539054.3876,0,636712.384,706456.0304,2182277.157,0,96974729.2,4949117.03,775861.7145,3534372.27,3895445.739,12199499.29,36924.15758,1828586.957,0,0,0,23639755.64,1160096.769,0,0,0,0,0,1157998.117,0,0,0,0,0,0,2516444.5,0,0,0,2333590.769,49924.31015,0,0,0,0,0,628266.4374,0,116803.6999,0,38296001.04,6957016.921,657279.4743,0,0,0,0,0,0,260329.6145,0,0,0,1382567.608,0,0,0,0,0,0,0,0,0,0,0,0,0
46,lac3 0.5% 2 a,1751859.716,0,0,53416.88283,4991889.633,210488.3118,2113451.916,269010.5325,0,96130.51592,0,65453552.23,3206748.233,14085348.78,1828638.497,317612.5409,1158933.2,0,2198709.284,0,0,0,26249897.43,1446551.38,0,732278.5243,0,0,0,0,0,0,0,0,0,0,2931446.379,0,0,0,2201459.694,0,0,0,0,0,0,686131.1662,0,0,1326702.558,51381150.69,8701253.976,894886.5363,0,0,0,0,0,0,185012.8705,0,0,0,1560861.979,0,0,0,0,0,0,0,0,0,0,0,0,0
47,lac3 0.5% 2 b,1914925.76,0,0,0,7261671.397,455171.4831,3750840.227,576854.1268,94527.62978,276382.8915,0,78614791.93,4153504.128,22280297.11,3222233.77,817088.7043,2035889.587,0,1664199.473,0,0,0,25050140.61,1294848.246,0,740060.8687,0,0,0,0,0,0,0,0,0,0,2627984.721,0,0,0,2220454.336,0,0,0,0,0,0,679660.118,0,187663.2788,1287096.153,72419083.34,12137664.54,1674429.693,0,0,0,0,0,0,217505.8226,0,0,0,1279675.157,0,0,0,0,0,0,0,0,0,0,0,0,0
48,lac3 0.5% 2 c,1517627.364,0,0,0,8956463.446,575726.8346,4249379.646,707035.4637,132622.8771,414716.7968,0,87902759.31,4815114.324,24146160.25,3633247.039,897743.4804,2277582.879,0,1694548.872,0,0,0,25192165.82,1365873.828,0,706658.3819,0,0,0,0,0,0,0,0,0,0,2393248.688,0,0,0,2697431.979,0,0,0,0,0,0,894629.0515,0,0,1454636.523,65995940.93,11247193.62,1134688.271,0,0,0,0,0,0,186926.6366,0,0,0,1146994.249,0,0,0,0,0,0,0,0,0,0,0,0,0
49,glc2 21% 3 a,3507564.926,0,2724254.431,0,17975989.07,1574039.849,9308287.822,603718.4352,925689.7399,0,0,146124584.3,11455185.32,56375157.81,3245773.68,5549195.307,266531.3053,0,2037055.611,0,2463375.965,0,2000968.941,70659.85081,9729925.113,388228.0435,1683334.796,0,0,0,0,245152.8367,0,0,0,0,3959483.86,0,1482835.193,0,162419.9246,0,809925.4982,0,0,0,0,2734113.616,0,1578058.29,0,107004499.2,18317888.45,2072117.678,0,0,0,0,0,0,631731.3941,0,668706.9601,0,0,1127085.3,234359.9622,838348.9083,87782.21918,0,0,0,0,0,0,0,0,0
50,glc2 21% 3 b,2612164.967,0,2159938.823,0,11005399.51,1015262.014,5772718.176,337617.1914,645377.1874,0,0,105861373.7,7553923.106,37387745.12,1927588.664,3509198.003,0,0,1619469.747,0,2131008.971,0,1369360.746,42504.40612,7351144.568,204217.1377,1292530.257,0,0,0,0,226780.5852,0,0,0,0,3102246.725,0,1373290.079,0,154674.5517,0,669683.8544,0,0,0,0,2132845.988,0,1625134.828,0,107439308.2,19141498.54,1714030.323,0,0,0,0,0,0,502818.6614,0,485268.1507,0,0,719435.6202,178343.5274,533985.6714,0,0,0,0,0,0,0,0,0,0
51,glc2 21% 3 c,3186754.684,0,2734074.22,0,15037813.48,1164523.995,7787793.137,401107.8389,856798.7615,0,0,133517866.7,9851078.688,47949428.99,2707030.534,4913984.073,111770.6329,0,1564447.597,0,1881385.048,0,1529514.207,0,9131843.873,230697.3124,1626515.088,0,0,0,0,260800.4484,0,0,0,0,3232570.696,0,1216668.146,0,174755.065,0,697735.0923,0,0,0,0,1912412.721,0,1051393.804,0,152814071.1,25575472.8,2923065.454,0,0,0,0,0,0,652861.7234,0,539841.6775,0,0,1236558.489,163925.93,836875.5195,93805.55288,0,0,0,0,0,0,0,0,0
52,glc6 21% 3 a,0,0,0,6619447.596,9190525.691,811046.7049,14439433.3,1951237.416,1863157.352,2770169.28,184665.9726,87256171.07,7498206.036,92109289.32,11144391.28,11348743.24,16377929.62,1439094.516,0,0,0,2983745.737,232859.8183,0,0,224080.964,0,501149.2168,13858346.03,0,0,0,0,0,0,517815.2697,2592213.266,0,0,4477833.431,256159.0857,0,0,0,0,0,946328.6512,902274.3364,0,287551.5293,2849561.384,245882703.3,41684089.64,3702555.054,0,0,0,0,0,0,0,0,0,1227271.456,0,0,0,0,0,2266220.81,0,0,0,0,0,0,0,0
53,glc6 21% 3 b,134971.3408,0,0,6023039.407,9853362.687,940973.0064,12457211.81,1740095.639,1800994.14,2301025.098,93947.95965,94040231.79,7192177.728,80442860.64,10223494.18,10247137.8,13923083.31,1106641.483,0,0,0,3943662.778,293550.6173,0,0,188717.4768,0,411304.6001,11932161.91,0,0,0,0,0,0,334804.5748,2195605.617,0,0,3710791.247,363029.0818,0,0,0,0,0,864185.5433,572143.6515,0,234991.1385,2306004.171,204428113.9,35691043.49,3183455.228,0,0,0,0,0,0,0,0,0,1153903.784,0,0,0,0,0,2660173.952,0,0,160337.7094,0,0,0,0,0
54,glc6 21% 3 c,142901.4721,0,40483.54106,7019922.649,8496307.819,816718.204,12283594.54,1498690.841,1784955.786,2408214.838,117144.6123,92675493.69,7274758.732,85530216.1,10515810.59,10310816.59,15028850.51,1326498.92,0,0,0,2807310.489,145932.0853,0,0,316716.0672,0,475113.9959,12878102.74,0,0,0,0,0,0,504108.8851,2315526.671,0,0,4148749.447,0,0,0,0,0,0,739350.1922,886998.7867,0,0,2714192.247,260934226.6,42128650.77,3472485.161,0,0,0,0,0,0,0,0,0,1345446.713,0,0,0,0,0,2912261.718,0,0,75101.75726,0,0,0,0,0
55,q5 21% 3 a,6832338.007,0,0,0,19146769.84,1470041.108,1484095.523,1745275.666,7090380.811,2887854.062,0,141575057.4,9384176.203,7925003.788,8092717.391,34265095.17,12356037.04,0,4759002.643,0,0,0,11249035.84,409231.1818,0,0,0,0,0,1605478.474,0,0,0,0,0,0,7038168.702,0,0,0,2402818.126,0,0,0,0,0,0,3705324.342,0,0,0,416376043.6,71753049.12,6270001.404,0,0,0,0,0,0,1464920.075,0,0,0,2418760.086,0,0,0,0,0,258974.6272,0,0,0,0,0,0,0
56,q5 21% 3 b,7314613.314,0,0,0,18861389.03,1491940.064,1731680.377,1955455.263,8089075.27,3174240.532,0,138816862.3,10356410.62,9467000.796,10715043.16,45357847.93,15777993.26,188304.798,4249964.279,0,0,0,13675555.76,627287.6774,0,0,0,0,0,1180606.238,0,0,0,0,0,0,6529600.507,0,0,0,1403787.851,0,0,0,0,0,0,3734380.842,0,0,0,196113751.3,33435193.57,3370300.394,0,0,0,0,0,0,1577657.17,0,0,0,3271523.067,0,0,0,0,0,0,0,0,0,0,0,0,0
57,q5 21% 3 c,7345308.819,0,0,0,17001685.12,1284885.637,1508826.981,1955720.174,8020017.585,3022947.573,0,49939.5519,9021083.824,8006118.393,9299282.146,41253531.22,13511131.24,67041.90588,1670476.061,0,0,0,14206947.38,584282.676,0,0,0,0,0,830591.4925,0,0,0,0,0,0,6199307.23,0,0,0,1181268.597,0,0,0,0,0,0,3768368.547,0,0,0,208846935.4,36277813.3,3512499.586,0,0,0,0,0,0,1568254.585,0,0,0,2308400.054,0,0,0,0,0,0,0,0,0,0,0,0,0
58,lac3 21% 3 a,6133891.818,0,0,212721.2743,17719017.95,1491131.468,10458215.64,1629419.04,801129.029,735030.9331,0,151054951.3,11275387.02,67706348.95,10260097.6,5675646.85,4602398.928,168972.3285,1946990.444,0,0,0,15121130.3,681080.247,0,406267.8787,0,0,0,922212.2816,0,0,0,0,0,0,7924492.41,0,0,0,2324818.884,0,0,0,0,0,0,4434635.976,0,0,4025721.68,181666297.8,31041181.86,2794488.668,0,0,0,0,0,0,1201308.526,0,0,0,2552350.207,0,0,0,0,0,0,0,0,0,0,0,0,0
59,lac3 21% 3 b,6327406.703,0,0,323384.1824,18102838.91,1637368.575,10458566.63,1859151.79,891047.9866,770789.9577,0,135235744.5,9643846.476,59268975.91,8968179.97,4611737.049,4206284.511,0,1333509.04,0,0,0,13637548,528774.1137,0,389364.1096,0,0,0,747857.0955,0,0,0,0,0,0,6719095.743,0,0,0,1547848.74,0,0,0,0,0,0,3398777.959,0,193685.3524,3743990.119,194088232.1,32949420.95,3029821.925,0,0,0,0,0,0,1267206.379,0,0,69716.12045,1908734.385,0,0,0,0,0,0,0,0,0,0,0,0,0
60,lac3 21% 3 c,6627706.048,0,0,405726.2637,17019897.17,1448411.637,10430186,1676562.905,700121.2391,793422.9297,0,118011984.1,8070835.495,55302869.05,8313455.564,3914072.37,3723813.599,97850.02398,2581828.198,0,0,0,14985651.79,565756.2158,0,397871.3206,0,0,0,729223.8511,0,0,0,0,0,0,6773271.087,0,0,0,1811188.546,0,0,0,0,0,0,3505443.337,0,0,3727401.069,192446889,33861570.07,2950839.937,0,0,0,0,0,0,1400817.116,0,0,108672.9472,3159851.965,0,0,0,0,0,0,0,0,0,0,0,0,0
61,glc2 0.5% 3 a,1258722.638,0,1110975.333,0,5209816.856,318760.0661,1453356.955,0,0,0,0,70371819.72,3467768.656,11905672.83,384075.9346,695641.2497,0,0,896760.7842,0,1047151.662,0,2440607.04,107019.5754,15548420.17,570294.4222,2807500.026,0,0,141392.0265,0,0,0,0,0,0,2297318.104,0,563481.9929,0,80262.61476,0,1709649.527,0,0,0,0,533036.1131,0,487003.6144,0,217924174.2,37768744.77,3393276.466,0,0,0,0,0,0,170622.1253,0,143241.409,0,0,435730.8153,130948.6462,401123.2072,0,0,0,0,0,0,0,0,0,0
62,glc2 0.5% 3 b,1601688.146,0,1243130.479,0,7847521.844,450645.2663,2208292.539,0,77657.89889,0,0,89408003.49,4982522.531,15894507.13,532439.9961,930102.171,0,0,1117500.52,0,1747502.777,0,2604118.029,148566.7742,16316263.88,583119.8096,2894360.888,0,0,0,0,0,0,0,0,0,1928941.227,0,489945.7392,0,184771.1896,0,1803973.769,0,0,0,0,646776.0424,0,344967.9836,0,233400890.4,38830968.27,3549970.577,0,0,0,0,0,0,190085.5097,0,263381.6176,0,0,570356.1176,0,275514.7394,0,0,0,0,0,0,0,0,0,0
63,glc2 0.5% 3 c,1256620.03,0,945785.7972,0,5840033.766,260791.7868,1707204.791,0,0,0,0,77196672.28,4120652.767,11574740.06,289461.796,506563.3425,0,0,1071722.671,0,1276643.45,0,2930994.433,141207.0968,17692184.12,584040.6412,3325850.699,0,0,0,0,0,0,0,0,0,2165406.471,0,430332.4847,0,99858.05034,0,1445327.81,0,0,0,0,665601.1293,0,569612.0843,0,253813830,43299725.46,3886811.007,0,0,0,0,0,0,153625.1419,0,193226.617,0,0,318984.1878,0,289745.2369,0,0,0,0,0,0,0,0,0,0
64,glc6 0.5% 3 a,0,0,0,2072928.886,5103486.785,330033.4675,3337273.267,337857.7945,169552.4675,558827.1536,0,67921695.48,3529741.166,21446392.15,2690070.056,937925.0693,3586955.317,0,0,0,0,6890038.521,123960.3356,0,0,553394.0796,0,1041246.226,22271183.13,0,0,0,0,0,0,181366.4035,1779822.395,0,0,1812098.5,0,0,0,0,0,0,1424361.522,267640.906,0,148964.1352,943632.6168,225034282.5,39207430.35,3937024.896,0,0,0,0,0,0,0,0,18988.25939,357707.7049,0,0,0,0,0,2777528.297,0,0,0,0,0,0,0,0
65,glc6 0.5% 3 b,0,0,0,3165122.929,3503364.487,145961.3252,2362041.76,232212.2225,82443.27552,316500.9143,0,64931542.88,3191738.039,17486225.87,2006087.163,565034.3696,2726492.992,0,0,0,0,1566788.323,78829.81894,0,0,482546.8979,0,1016401.341,21210298.17,0,0,0,0,0,0,240857.577,1547356.862,0,0,1826181.777,120529.7331,0,0,0,0,0,1730883.438,300906.5988,0,0,700338.3131,201523005,33708238.85,3033841.941,0,0,0,0,0,0,0,0,0,530517.513,0,0,0,0,0,1528200.578,0,0,0,0,0,0,0,0
66,glc6 0.5% 3 c,0,0,0,1851307.053,2272351.473,0,1545227.013,181779.8884,0,123842.8091,0,54963359.19,2521484.365,14067594.09,1747677.345,463788.4451,2026035.23,0,0,0,0,2652632.748,63661.12208,0,0,549008.6534,0,1032854.003,22245615.24,0,0,0,0,0,0,206794.7183,1054619.462,0,0,1366775.64,0,0,0,0,0,0,1166362.781,0,0,0,496361.6369,102045936.9,19417128.24,1688477.45,0,0,0,0,0,0,0,0,0,176228.0409,0,0,0,0,0,1864717.101,0,0,0,0,0,0,0,0
67,q5 0.5% 3 a,2605511.665,0,0,0,7544150.129,289278.9746,0,669695.846,499371.7076,2283876.878,0,78946381.99,3599850.576,1042591.386,3766006.516,2892748.487,13180366.1,0,1804495.443,0,0,0,24149324.73,1338639.227,0,0,0,0,33989.22344,713925.5878,0,0,0,0,0,0,3404167.238,0,0,0,2170629.443,0,0,0,0,0,0,1223656.365,0,0,0,115093452.9,17738068.28,1637010.961,0,0,0,0,0,0,384265.7537,0,0,0,1674004.124,0,0,0,0,0,0,0,0,0,0,0,0,0
68,q5 0.5% 3 b,2925856.681,0,0,0,7768956.143,386786.9703,153935.3841,629493.9997,591464.4475,2375014.204,0,84623823.26,4010730.902,1079138.402,4049169.416,3332161.202,14418933.23,0,2733932.004,0,0,0,21825865.19,1163994.128,0,0,0,0,0,656861.1527,0,0,0,0,0,0,2929470.457,0,0,0,1757411.156,0,0,0,0,0,0,905554.0564,0,0,0,169514633,28086635.87,2320584.822,0,0,0,0,0,0,462879.3261,0,0,0,1973359.571,0,0,0,0,0,0,0,0,0,0,0,0,0
69,q5 0.5% 3 c,2087541.896,0,0,0,6774527.137,327562.2111,0,552886.2335,548400.2018,1907989.236,0,73787041.33,3441080.958,802313.3653,3060192.766,3100995.288,11790010.55,0,2017822.731,0,0,0,23780791.73,1268193.223,0,0,0,0,0,561473.5215,0,0,0,0,0,0,2870096.102,0,0,0,2075312.809,0,0,0,0,0,0,977482.6882,0,0,0,104500276,17660455.05,1753252.138,0,0,0,0,0,0,242904.0176,0,0,0,1476717.301,0,0,0,0,0,0,0,0,0,0,0,0,0
70,lac3 0.5% 3 a,2424456.838,0,0,0,6356705.062,365752.9629,2507193.191,331873.3812,0,0,0,80330030.42,3952503.768,16654005.85,1740393.652,368206.8547,1195568.978,0,6944686.353,82183.76575,0,0,24647852.22,1296158.573,0,727762.3649,0,0,0,0,0,0,0,0,0,0,4112961.564,0,0,0,2564326.47,0,0,0,0,0,0,1850449.783,0,0,1696067.671,150435732.9,26173189.18,2596922.861,0,0,0,0,0,0,375654.2322,0,0,0,3050518.843,0,0,0,0,0,0,0,0,0,0,0,0,0
71,lac3 0.5% 3 b,2368962.43,0,0,0,10212520.34,534597.3366,4434575.885,541021.3599,0,273887.436,0,97452346.98,5626081.005,26624491.23,3308279.497,718716.9525,1763034.179,0,5661609.484,0,0,0,26568504.93,1337729.661,0,780315.1996,0,0,0,943493.8171,0,0,0,0,0,0,3253725.055,0,0,0,2418178.679,0,0,0,0,0,0,1537594.776,0,0,1802617.528,93328162.85,15787217.36,1782694.44,0,0,0,0,0,0,322084.6407,0,0,0,2990616.081,0,0,0,0,0,0,0,0,0,0,0,0,0
72,lac3 0.5% 3 c,1862816.623,0,0,0,9064024.364,559689.0974,4196612.637,555322.4464,96794.90804,179892.5793,0,87496552.73,4681170.803,25887483.02,3218815.293,806310.8094,1729304.347,0,2321085.582,0,0,0,25538690.97,1448624.692,0,738450.2839,0,0,0,0,0,0,0,0,0,0,2648777.312,0,0,0,1648605.918,0,0,0,0,0,0,1444810.264,0,187600.497,1899931.96,126868607,21606398.42,2249679.192,0,0,0,0,0,0,138534.9317,0,0,0,1479516.517,0,0,0,0,0,0,0,0,0,0,0,0,0
73,glc2 21% 4 a,3073434.185,0,2849764.912,0,14066710.94,1341146.843,7858513.229,381067.1938,822166.7656,0,0,123923451.3,9474313.719,51333643.58,3013916.946,5434533.217,173192.2077,0,2641722.085,0,3033099.494,0,2302585.755,89975.68173,10958605.58,341944.6289,2121235.223,0,0,0,0,372478.2384,0,0,0,0,4804014.863,0,2805121.73,0,290339.4268,0,883548.3376,0,0,0,0,3914781.936,0,2876082.198,0,38240596.45,7587462.168,717938.0176,0,0,0,0,0,0,600291.9708,0,687585.1906,0,0,1243189.818,210835.3523,1033295.793,327846.0155,0,0,0,0,0,0,0,0,0
74,glc2 21% 4 b,3327735.739,0,2927448.961,0,19456804.37,1721941.398,10881690.1,764774.9193,1249031.189,0,0,160216036.8,12651839.67,70545683.19,4197961.298,7456026.78,298688.3499,44649.08341,2507731.273,0,3116345.014,0,2383884.376,72883.53431,11183440.51,340114.5026,2418300.716,0,0,0,0,538339.0653,0,0,0,0,4712350.951,0,2753463.427,0,332506.3069,0,827878.3045,0,0,0,0,3861245.028,0,2862732.557,0,77982160.95,14149716.09,1349038.294,0,0,0,0,0,0,701550.3846,0,733568.7381,0,0,1469989.648,320010.8989,1145433.246,147855.1865,0,0,0,0,0,0,0,0,0
75,glc2 21% 4 c,3057252.967,0,2821588.851,0,12307777.79,964869.2047,6900647.989,387598.3316,720922.7925,0,0,118722466.4,8934120.363,47752382.32,2542483.253,5005276.408,51501.66971,0,2907919.272,0,3071779.715,0,2312019.834,61661.86689,11354157.5,397884.8435,2582661.685,0,0,71623.18184,0,587550.2985,0,0,0,0,5092771.667,0,2528941.364,0,303463.8302,0,757548.7441,0,0,0,0,4091626.501,0,2887637.159,0,79980018.32,13159469.43,1158272.636,0,0,0,0,0,0,615816.0173,0,748104.9514,0,0,1574147.99,463163.8271,991626.5284,171106.8791,0,0,0,0,0,0,0,0,0
76,glc6 21% 4 a,0,0,0,6345503.178,9183424.995,870701.8209,16003452.58,1889150.116,2154236.282,3098509.987,260441.4229,95618546.82,7624523.914,101523449.5,11183987.84,13005477.47,19061994.37,1634269.384,88879.01811,0,0,5870798.476,269374.9363,0,0,332430.8206,0,613461.2555,15211828.65,0,0,0,0,0,0,529576.1777,2368565.046,0,0,7070309.337,338731.5481,0,0,0,0,0,924894.675,1070275.644,0,0,6264938.044,65675851.05,11767418.82,1809567.551,0,0,0,0,0,0,0,0,0,1279651.679,0,0,0,0,106675.6431,3754073.379,0,0,0,0,0,0,0,0
77,glc6 21% 4 b,0,0,0,5507003.732,6544030.137,487200.8218,11491199.21,1427852.474,1719939.426,2261740.966,104650.9512,82179413.33,5882497.245,74733001.11,8097017.5,9658656.216,14321235.74,1297860.887,0,0,0,4618828.213,208072.2003,0,0,97831.46912,0,419263.2081,11174722.44,0,0,0,0,0,0,567771.9033,2116366.95,0,0,4726967.473,194611.6199,0,0,0,0,0,677518.4443,964869.4585,0,388325.5953,3855494.743,38155969.02,6889553.858,939853.7678,0,0,0,0,0,0,0,0,49869.64286,1145492.226,0,0,0,0,0,3333627.763,0,0,0,0,0,0,0,0
78,glc6 21% 4 c,87605.14273,0,0,5834269.855,5030892.838,372245.6994,8450066.784,1138648.663,1224077.707,1734051.98,84601.66665,68148512.78,4645175.296,65229807.43,6882640.402,7862400.566,12379390.37,1052054.263,88917.03617,0,0,5228077.32,188066.5068,0,0,316668.0008,0,622886.5906,14515226.57,0,0,0,0,0,0,540309.7685,2088667.334,0,0,5236609.842,250324.368,0,0,0,0,0,802351.4792,900699.9847,0,435654.7698,5114948.154,78045865.84,13646586.86,1108306.124,0,0,0,0,0,0,0,0,0,1250973.719,0,0,0,0,48706.67953,3871385.088,0,0,0,0,0,0,0,0
79,q5 21% 4 a,6923004.884,0,0,0,12906985.08,988669.6414,1060835.01,1385300.16,5439891.124,2652061.843,0,127934674.9,8990688.097,8744199.809,9607757.495,35971330.66,15317384.1,0,5874951.077,0,0,0,17193797.65,768856.1504,0,0,0,0,0,1476936.607,0,0,0,0,0,0,8057404.318,0,0,0,1722311.411,0,0,0,0,0,0,6170355.06,0,0,0,49941210.01,9716914.996,1089659.453,0,0,0,0,0,0,1373125.385,0,0,0,3618528.463,0,0,0,0,0,0,0,0,0,0,0,0,0
80,q5 21% 4 b,6375113.214,44433.03461,0,0,14618904.6,1100275.563,1224552.094,1578588.4,5913418.679,2807200.553,0,133907891.6,9703119.787,8604669.878,10238931.34,38450283.62,15835367.58,197261.9036,5197700.704,0,0,0,14859972.14,757648.2516,0,0,0,0,0,1208448.215,0,0,0,0,0,0,7169447.61,0,0,0,1319976.478,0,0,0,0,0,0,6304367.373,0,0,0,247427275.4,42858051.83,3964831.443,0,0,0,0,0,0,1295282.1,0,0,0,3380549.744,0,0,0,0,0,0,0,0,0,0,0,0,0
81,q5 21% 4 c,7080861.276,49355.68021,0,0,15647086.87,1367307.638,1272788.518,1679139.301,6320079.733,3168537.54,0,142127896.3,10408439.91,8896520.443,11370920.4,43795885.67,17442267.68,184607.5698,5274551.848,0,0,0,16590285.86,764901.7092,0,0,0,0,0,1083853.578,0,0,0,0,0,0,7688973.625,0,0,0,1486757.546,0,0,0,0,0,0,5875036.94,0,0,0,39675929.84,5655534.904,1139747.069,0,0,0,0,0,0,1237564.543,0,0,0,4032864.965,0,0,0,0,0,0,0,0,0,0,0,0,0
82,lac3 21% 4 a,5817087.794,42450.72098,0,165587.7275,13647583.52,1124483.684,6848536.709,993422.469,413575.265,450151.8428,0,127666131.1,8799910.716,46910807.15,7319355.992,3385033.088,2789576.548,41520.34437,5255847.706,0,0,0,15730101.61,706332.0585,0,479491.6085,0,0,0,1193190.819,0,0,0,0,0,0,8791774.18,85507.52135,0,0,1393127.523,0,0,0,0,0,0,6049496.363,0,113179.968,4397601.45,44619483.95,8159878.094,925841.3879,0,0,0,0,0,0,1124428.98,0,0,44918.10393,3908073.838,0,0,0,0,0,0,0,0,0,0,0,0,0
83,lac3 21% 4 b,6807210.956,0,0,252782.3753,20741824.08,1686568.696,10835585.89,1764164.811,812100.3997,684916.4697,0,170128271.4,12996051.34,68631800.42,11076723.28,4710029.297,4132955.494,137587.3084,5392488.016,0,0,0,16912597.34,708113.8643,0,500367.4408,0,0,0,1272721.047,0,0,0,0,0,0,9418271.741,0,0,0,1587168.27,0,0,0,0,0,0,6458794.15,0,0,5008700.108,65692027.55,13378455.9,1274017.609,0,0,0,0,0,0,1386930.751,0,0,94828.41974,4304960.213,0,0,0,0,0,0,0,20124.54801,0,0,0,0,0
84,lac3 21% 4 c,6380161.077,0,0,226269.9348,15212683.9,1178742.023,7852847.999,1440520.701,566731.2063,606755.7859,0,139214996.3,9281091.054,54467610.96,8725045.19,3779903.121,3434345.959,50321.09546,5358361.125,0,0,117734.545,17091581,781989.4181,0,563424.397,0,0,0,1113336.465,0,0,0,0,0,0,8686838.628,143915.7261,0,0,1322113.766,0,0,0,0,0,0,6427538.329,0,173414.4345,4650376.539,47359797.2,8719898.97,992762.064,0,0,0,0,0,0,1310449.448,0,0,57963.95203,3855575.512,0,0,0,0,0,0,0,0,0,0,0,0,0
85,glc2 0.5% 4 a,1225847.102,0,951450.3576,0,6149750.702,364608.0578,1816750.685,0,125785.0187,0,0,78058796.17,4245315.196,12509022.3,431236.8107,718962.576,0,0,1980254.116,0,2547009.465,0,2687652.245,121184.4915,16579644.16,488299.6546,3083360.214,0,0,0,0,185399.4109,0,0,0,0,2663842.77,0,938905.2039,0,93946.45974,0,1889650.694,0,0,0,0,1053911.765,0,940494.2194,0,59150276.34,12682443.99,925733.5724,0,0,0,0,0,0,200942.9242,0,246534.4782,0,0,1006175.226,332585.55,512367.3448,230152.4734,0,0,0,0,0,0,0,0,0
86,glc2 0.5% 4 b,1207319.266,0,1004428.318,0,7197608.669,412775.9641,2143790.674,57574.18552,0,0,0,76858711.03,3953741.888,13716520.12,528749.8463,808408.2325,0,0,2239260.369,0,2945255.094,0,2312077.486,92971.1092,14124053.58,494830.3079,2541860.208,18343.50399,0,0,0,143880.6741,0,0,0,0,1840276.39,0,604593.8809,0,0,0,1301567.127,0,0,0,0,754532.8083,0,762348.0946,0,51650463.78,9717436.297,738302.9082,0,0,0,0,0,0,150743.8342,0,141123.4693,0,0,747522.2388,396846.7645,395912.2811,188737.3055,0,0,0,0,0,0,0,0,0
87,glc2 0.5% 4 c,1115823.309,0,845647.5451,0,8130234.655,484030.8314,2626962.666,0,108132.1754,0,0,86297921.89,4595533.444,14899525.43,533383.8934,913570.6053,0,0,2448332.213,0,2464032.241,0,2685217.551,139419.5712,15629489.73,520505.2987,3010319.482,0,0,0,0,84546.66369,0,0,0,0,1926400.765,0,548118.8139,0,116792.1118,0,1550823.319,0,0,0,0,529922.0033,0,854413.8005,0,45271786.87,8190829.757,1699710.366,0,0,0,0,0,0,81818.14445,0,176146.7718,0,0,500543.8128,225814.0805,475526.1428,186587.3044,0,0,0,0,0,0,0,0,0
88,glc6 0.5% 4 a,0,0,0,2641683.833,7378190.185,454764.578,4720188.318,453889.203,106697.6411,794947.914,0,76845204.6,4412088.9,27849367.32,3271673.049,1326148.062,4502737.592,0,0,0,0,4696054.684,51456.72823,0,0,509993.2058,0,1175296.41,26058390.77,64613.98067,0,0,0,0,0,187837.914,1640707.985,0,0,2437831.664,72719.76903,0,0,0,0,0,1839018.745,266553.9237,0,0,929996.6175,81328825.6,13447669.32,1199668.799,0,0,0,0,0,0,0,0,0,428436.4185,0,0,0,0,0,3131198.276,0,0,0,0,0,0,0,0
89,glc6 0.5% 4 b,0,0,0,2655425.992,5373279.521,258723.2629,3607122.192,413759.1195,178166.735,622217.9848,0,72060049.3,4055091.404,23241974.65,2461143.412,1007820.589,3587732.006,0,0,0,0,5482469.378,97584.39028,0,0,498348.5285,0,1038240.93,23637169.78,0,0,0,0,0,0,162900.2521,1432181.737,0,0,1974974.064,157619.6477,0,0,0,0,0,1340800.268,0,0,0,1018761.759,94825909.2,15936594.47,1737950.886,0,0,0,0,0,0,0,0,0,406976.625,0,0,0,0,0,2852135.502,0,0,0,0,0,0,0,0
90,glc6 0.5% 4 c,0,0,0,1868838.63,5313967.789,378195.5792,3494653.848,400646.1499,112056.8579,575605.1543,0,67091230,3347497.704,21827793.77,2407993.106,1015748.423,3369733.4,0,0,0,0,4863012.429,62757.58491,0,0,504484.6196,0,929159.9886,21809893.5,0,0,0,0,0,0,134454.9614,1299278.99,0,0,1755817.691,131569.9192,0,0,0,0,0,1342908.01,186929.9923,0,196930.0287,882692.3841,63825528.86,10640709.66,934117.4221,0,0,0,0,0,0,0,0,0,298650.5399,0,0,0,0,0,2540195.813,0,0,0,0,0,0,0,0
91,q5 0.5% 4 a,2562078.837,0,0,0,3610126.702,99878.83198,0,257848.7454,0,1079801.979,0,50999048.08,2194604.079,483288.7781,1722798.755,1026527.535,7347026.757,0,4733677.333,0,0,0,20991236.03,1048341.569,0,0,0,0,0,504170.0232,0,0,0,0,0,0,3467266.264,0,0,0,1989466.788,0,0,0,0,0,0,1368688.109,0,0,0,47634178.85,9153647.267,833056.7493,0,0,0,0,0,0,446197.6326,0,0,0,3662413.11,0,0,0,0,0,0,0,0,0,0,0,0,0
92,q5 0.5% 4 b,2661189.889,0,0,0,8745068.819,403488.0669,0,589705.9299,433868.4064,2184523.837,0,100202867.3,5240738.8,701546.9239,3371455.161,2278965.14,12890575.16,24247.67632,5093268.973,0,0,0,19401628.16,1007493.982,0,0,0,0,0,605119.06,0,0,0,0,0,0,5092962.482,0,0,0,1601627.045,0,0,0,0,0,0,1134162.512,0,0,0,52325127.38,9279355.442,727264.1628,0,0,0,0,0,0,495864.2904,0,0,0,2515475.041,0,0,0,0,0,86168.23039,0,0,0,0,0,0,0
93,q5 0.5% 4 c,2165154.206,0,0,0,4689392.709,161600.4894,0,447044.5299,270874.7352,1517339.875,0,64539048.34,3021820.026,575585.9631,2375785.862,1960901.497,9772793.593,0,4951711.568,0,0,0,21258613.86,1018947.256,0,0,0,0,0,686302.2637,0,0,0,0,0,0,2652359.761,0,0,0,1726253.79,0,0,0,0,0,0,1269124.778,0,0,0,44839747.32,8737882.058,1396444.427,0,0,0,0,0,0,286467.575,0,0,0,2397463.439,0,0,0,0,0,0,0,0,0,0,0,0,0
94,lac3 0.5% 4 a,2006649.768,0,0,50961.34236,3998512.775,105815.2864,1007990.544,0,0,0,0,67569433.28,2942071.638,8611509.066,934036.8925,0,358379.1709,0,7128338.276,73081.79591,0,87879.67776,28044956.27,1332326.654,0,1026334.33,0,0,0,0,0,0,0,0,0,0,7922439.196,105735.234,0,0,2057065.839,0,0,0,0,0,0,2286101.941,0,0,1863084.065,57734538.15,10601050.09,1146841.102,0,0,0,0,0,0,288205.3624,0,0,0,4338026.73,0,0,0,0,0,0,0,0,0,0,0,0,0
95,lac3 0.5% 4 b,2204432.125,0,0,26242.45299,6980397.623,373345.9526,2073753.957,201434.1878,0,0,0,87506851.17,4440368.71,13232394.79,1426776.222,180189.9103,577495.1729,0,5946349.158,0,0,0,23461212.8,1133875.689,0,748069.352,0,0,0,0,0,0,0,0,0,0,5313268.166,127592.3187,0,0,1905165.535,0,0,0,0,0,0,1639720.275,0,0,1663034.577,124452954.3,19130454.38,2102130.2,0,0,0,0,0,0,427021.8991,0,0,0,2921064.394,0,0,0,0,0,0,0,0,0,0,0,0,0
96,lac3 0.5% 4 c,1513946.559,0,0,0,2582671.87,56441.13933,1042747.63,0,0,0,0,57358684.6,2377679.763,9087052.094,977192.1829,105927.4769,412738.3818,0,1815124.031,0,0,0,21753578.27,1165133.393,0,902080.406,0,0,0,0,0,0,0,0,0,0,2452929.44,0,0,0,1425895.451,0,0,0,0,0,0,964142.0723,0,0,1497376.736,88968567.21,16206904.48,1813156.745,0,0,0,0,0,0,170410.7203,0,0,0,1889588.008,0,0,0,0,0,0,0,0,0,0,0,0,0