filename,id,2HG M0,2HG M1,2HG M2,2HG M3,2HG M4,2HG M5,2OG M0,2OG M1,2OG M2,2OG M3,2OG M4,2OG M5,3PG M0,3PG M1,3PG M2,3PG M3,aconitate M0,aconitate M1,aconitate M2,aconitate M3,aconitate M4,aconitate M5,aconitate M6,alanine M0,alanine M1,alanine M2,alanine M3,aspartate M0,aspartate M1,aspartate M2,aspartate M3,aspartate M4,citrate M0,citrate M1,citrate M2,citrate M3,citrate M4,citrate M5,citrate M6,FBP M0,FBP M1,FBP M2,FBP M3,FBP M4,FBP M5,FBP M6,G3P M0,G3P M1,G3P M2,G3P M3,glutamate M0,glutamate M1,glutamate M2,glutamate M3,glutamate M4,glutamate M5,glutamine M0,glutamine M1,glutamine M2,glutamine M3,glutamine M4,glutamine M5,lactate M0,lactate M1,lactate M2,lactate M3,malate M0,malate M1,malate M2,malate M3,malate M4,palmitate M0,palmitate M1,palmitate M2,palmitate M3,palmitate M4,palmitate M5,palmitate M6,palmitate M7,palmitate M8,PEP M0,PEP M1,PEP M2,PEP M3,pyruvate M0,pyruvate M1,pyruvate M2,pyruvate M3,sedoheptulose M0,sedoheptulose M1,sedoheptulose M2,sedoheptulose M3,sedoheptulose M4,sedoheptulose M5,sedoheptulose M6,sedoheptulose M7,serine M0,serine M1,serine M2,serine M3,succinate M0,succinate M1,succinate M2,succinate M3,succinate M4
1,glc2 21% 1 a,50937734.35,1006479.991,92475.70583,0,0,0,4288710.178,18647.94789,0,0,0,0,6718240.643,84013.75245,5105991.054,0,13727842.83,1264363.14,4722470.877,458755.1231,555958.2318,0,0,6228054.976,286910.4414,521026.7354,0,290762688.9,22316450.03,47137887.67,3982526.865,2453451.448,112058681.4,12424042.68,49418546.42,4582718.777,6642337.085,559700.6391,0,1123006.604,42403.79522,14842859.63,495951.5816,1241890.376,0,0,1840886.091,398911.3155,958032.3073,0,1010410134,84352428.21,150489682.1,17807572.08,14390075.71,5238523.585,505507857.5,27852611.67,2629863.643,0,170000.2755,4101810.67,514879544.2,19091026.59,43044624.64,379025.0261,148167813.8,9318919.75,17456911.84,870637.6763,521438.8861,506939298.2,87487561.69,7962815.57,0,0,0,0,0,0,1044792.721,0,1718323.915,17572.02654,32992429.36,1173110.604,5741509.348,15831.09284,22714.05758,0,0,0,0,0,0,0,24795249.15,683411.4785,316467.8492,0,25784474.08,785894.5523,281266.5587,0,70199.13843
2,glc2 21% 1 b,25472014.22,229661.8146,112755.1882,0,0,0,6849364.151,0,0,0,0,0,7640785.818,175630.1674,6271121.254,0,15021286.55,1352487.306,6104114.117,564465.1068,696656.5644,32368.36221,0,6516127.757,358039.9936,618792.2662,0,315261010.6,24996873.87,54074582.79,4380047.313,2034871.787,138421544.4,16370866.51,67997438.47,6476648.071,8657052.292,590255.5625,47207.42551,1169560.902,55878.04727,17016751.08,428028.3752,1380204.766,0,0,2074768.834,335733.5156,1043567.312,0,1133562289,97445635.2,181417648.9,21435188.18,18849811.88,1420227.625,534691729.6,29171637.78,3262508.881,0,0,0,507043525.6,18656151.35,52819114.87,566053.9071,134801757.5,8908194.781,20290494.15,1178915.462,239293.6238,174970758.6,35605741.23,3331530.995,0,0,0,0,0,0,1407638.505,0,2516672.765,0,48715898.67,1656533.749,11406438.68,25106.70338,0,0,0,0,0,0,0,0,25662160.43,735636.4312,352772.4394,0,29223476.58,815200.1686,411080.5024,21087.8614,159927.0714
3,glc2 21% 1 c,36126582.63,1684411.012,174702.785,0,0,0,6157371.398,0,0,0,0,0,8629880.16,197716.5934,7027289.926,0,16749523.84,1608923.543,7269446.433,720207.5851,948477.327,0,0,7745228.876,498021.3439,740035.9277,0,369384336.3,30711669.88,66804921.16,5736178.898,2520851.562,155706165.6,18668551.51,80113025.92,7820978.603,10496853.93,797115.4339,70834.54389,1459252.513,113622.9708,20012991.4,588744.9432,1720158.857,0,0,2538772.143,445323.6845,1297019.939,0,1277446154,110831612.1,212006894.7,24887243.81,22976885.22,1887956.693,649951588.2,34964731.89,4066654.901,0,96339.07466,0,395924395.8,15078328.05,59902247.46,780371.569,160180542.9,11683725.24,24077611.55,1461198.621,474721.1918,233974562.7,31146743.05,3161357.982,0,0,0,0,0,0,1768098.848,28699.14409,3958884.383,20221.17952,43147354.04,1608622.669,11720488.57,0,14596.23591,0,0,0,0,0,0,0,27216233.16,810433.0439,360452.3255,0,25024745.93,748075.3397,462354.9937,22298.56189,77659.04942
4,glc2 21% 2 a,7816084.205,2688891.241,394121.0529,0,0,0,10338398,86084.64704,552129.4695,0,0,0,11894203.86,397510.0979,10285289.57,0,20098425.31,2371671.533,12232978.87,1348025.561,2085289.794,115037.2583,0,9483638.677,870678.6238,1235226.479,24903.50762,476947987.9,46026201.62,114623222.5,12974068.73,6097357.801,189203844.9,26245514.7,127670344,14897872.26,23096409.17,2195610.741,814735.4556,1706049.185,125812.0289,24303205.4,808232.5671,2245161.847,0,0,2436498.085,705725.1811,1648500.506,0,1340000887,129059634.3,288816247,44262143.3,41539617.66,4338849.176,1005136576,55425995.28,7322037.005,498735.7362,592655.9754,0,937850352.4,35130896.36,120377599.9,1763668.349,222665269.5,20183258.32,47222680.05,4413931.616,2282571.986,383793139.4,65123084.66,7573876.186,0,0,0,0,0,0,2273141.499,43604.77079,3533187.553,19198.14831,61497362.73,2599032.764,17665899.52,104736.3567,0,0,0,0,0,0,0,0,43996012.65,1458614.443,631570.0173,0,26869421.12,829984.2105,641360.8366,54851.73906,75596.91102
5,glc2 21% 2 b,35595697.16,2282266.42,523949.7413,0,0,0,10346313.14,103589.492,564542.7798,78087.57343,0,0,14427820.89,465743.0813,12798832.47,72369.20022,22239760.96,2970782.359,14180005.79,1743248.967,2545005.848,155829.5311,0,10608876.77,924421.1657,1413739.9,76208.56589,488182662.1,50501755.19,127390894.8,14924652.83,7499900.85,213871598,30645564.39,146259547,18841038.96,27824184.94,2795277.019,988858.8402,1868961.179,190300.1174,27516644.39,942698.24,2632683.595,0,0,2387783.236,693035.1717,1830731.824,89175.30285,1376107340,144669100.3,322380069.5,53255125.63,48048997.77,5776145.544,959289365.4,52301513.61,7409476.486,548110.1656,549887.1612,0,729515074.4,29617682.7,156585228.6,2630152.914,233097457.2,22753220.26,55798632.84,5791534.758,2739409.347,445489073,79337632.96,7347957.964,0,0,0,0,0,0,2555997.418,52242.66767,4045419.984,0,62035045.09,2657267.809,24008506.5,178802.8587,0,0,0,0,0,0,0,0,43101928.98,1490896.556,742237.4901,0,29450188.6,810902.7348,715362.817,71344.85031,93657.5725
6,glc2 21% 2 c,38981178.03,2153302.756,536980.7699,0,31464.04684,0,10092389.4,119723.5901,383729.7565,0,0,0,15269722.33,539047.1105,13255040.22,67522.10286,22791962.51,2824280.943,14367443.81,1624786.724,2424833.272,197539.3902,0,10644900.06,1012824.702,1551304.304,0,523652157.4,52043805.72,128543306.4,14609596.54,7024039.426,222145082.2,32603240.16,154605900.1,18500264.88,28223009.59,2880534.067,1024615.672,1864171.268,165457.416,28402815.98,1002171.333,2559498.411,0,0,2474909.945,471551.3283,1730090.273,0,1583360484,158212656,349919926.5,53750740.23,50528700.89,5403151.26,1101664991,61676199.37,8473648.82,0,657731.4436,0,938500910.3,35630001.54,134277012.1,2223038.129,220011132.6,20325920.24,48416330.02,4652578.973,2134418.951,412255270.6,57351442.8,7316411.281,0,0,0,0,0,0,2808190.467,68363.36174,4429247.613,14269.11861,61629692,2488591.112,18964655.65,161981.4766,33762.12258,0,0,0,0,0,0,0,46733256.29,1633143.438,711760.9111,0,25589064.05,867490.3681,746489.5852,0,86399.63062
7,glc2 21% 3 a,53692459.16,2716046.68,1152539.315,101537.0309,135717.631,0,23011421.6,770382.162,2430356.239,0,0,0,18799244.13,797715.0634,17050155.42,69367.25155,24793562.18,3120465.468,16586768.72,1777046.442,3308273.084,120372.5816,0,17264646.81,1399783.355,2181357.252,0,751626616.4,69089158.79,190762266.1,18959460.55,11334018.14,236852273.8,32899123.66,172427743.4,19787725.62,33395258.41,3010615.598,1254108.047,3958535.987,501425.5112,50940841.58,2319998.274,5129538.999,74158.3338,0,3903675.001,619892.7144,3469033.668,0,1949509860,174950751.1,395490830.9,58062187.41,63040091.5,6607067.569,1053623642,57705246.71,7318946.318,0,510163.2077,0,1320864920,53052510.97,292919968.2,5124144.064,413100032.8,35811792.81,100229315.9,10032010.49,4824566.763,651498551.9,102896524.5,9593707.889,0,0,0,0,0,0,4541447.137,174159.6597,8659110.162,48759.36486,95517335.51,4050089.595,33760924.53,309285.8013,0,0,0,0,0,0,0,0,67095413.29,2379608.094,1180522.508,0,26160425.23,940620.3739,1198018.505,174742.4664,125392.1334
8,glc2 21% 3 b,52264560.32,3029073.429,2008491.461,246058.8684,284709.6113,0,30564494.51,1565741.147,4327482.446,103037.4634,176321.9499,0,28722275.95,1319941.155,25937541.31,170611.0127,30042892.59,4027775.43,21551712.98,2697473.744,4453768.977,320718.4216,0,17836786.81,2007866.631,2680368.426,75513.16402,893492489.7,88539524.22,242236080.7,27546236,15244567.21,288600373,43646995.15,222904449.5,27754873.62,44572236.95,4354718.161,1581011.362,5288743.945,802948.7005,69760535.34,3126866.912,7448663.648,151402.8755,0,5588025.818,804629.086,5728595.42,86321.34659,2268606666,219130683.4,509711455.7,83274190.32,85299154.49,9755092.283,1177538383,65649467.08,9977501.043,1127013.814,885135.6691,0,1145012174,52214678.57,417712966.2,7992004.401,525928870,50459770.35,138150793.7,15083767.25,8386425.308,685253478.4,117384305.9,10683896.55,0,127474.0808,0,0,0,0,7424712.181,304810.2524,10823002.86,74507.63408,81917750.26,3975366.361,41611238.31,579525.8906,0,0,0,0,0,0,0,0,67411436.01,2582744.047,1541270.326,0,30398339.93,1264646.476,1871240.427,297438.9471,228627.8555
9,glc2 21% 3 c,70274715.6,2940982.993,1347350.284,137248.889,144351.6124,0,24814269.33,185811.3158,2106660.168,0,0,12149.60445,23619067.47,999515.3361,21752257.59,191438.8943,27447093.17,2949888.062,16304557.27,1734677.707,3041036.987,153829.4007,0,18784159.81,1456277.19,2276492.929,75840.57268,788698919.2,68605427.2,188433529.3,19024073.31,10616348.02,361981119.8,41710262.87,176545921.1,19896528.84,33877095.15,2958965.605,1281484.977,3809086.284,448408.4758,53357241.22,2585413.37,5221775.465,36217.5498,0,3906304.075,569097.1877,3709483.973,0,2021146840,182076673.9,411613007.8,61982176.81,65099546.4,6693448.035,1151280189,62843235.32,8705475.913,541631.5078,594533.8469,0,746698927.6,33841882.35,261117625.1,4647858.285,418347891.6,35166327.11,99937342.8,8649992.699,5143468.52,447118655.2,81974283.58,7360696.195,0,0,0,0,0,0,4702678.048,133330.7209,6916891.112,44691.60964,70484258.44,3410541.111,40189215.69,489474.9526,143800.0096,0,35106.57544,0,0,0,0,0,97156969.51,3456850.119,1411727.218,0,30540372.54,1056966.591,1429609.729,177904.0781,181379.9007
10,glc2 21% 4 a,68780713.63,3519237.755,4237271.929,544133.0655,544439.2158,57737.60357,41335189.07,2633530.142,7068040.486,132276.1224,110613.9232,0,33442777.12,1609962.976,31426304.34,427447.9027,35388738.82,4580018.98,25339260.93,2959541.488,5060746.018,361579.547,64952.61611,28424706.02,2301108.683,4040491.295,154378.1205,1098989353,103679337.4,285942096.9,31570264.99,16379726.07,312641029.6,47546155.98,241063997,29526999.34,48288993.49,4870452.605,1857472.864,5726996.737,794795.443,65105789.46,3136545.593,8077684.521,112833.6844,0,11137534.61,1086874.743,11956604.97,0,3020455947,280324766.2,643180381.8,98757888.39,105284366.4,11235701.61,1382098188,74960051.62,15397575.7,1077354.123,1459228.396,0,1776635396,94052253.62,839587896,17998460.11,685967116.1,64249688.96,177339746.6,18097686.1,9576636.364,682739307.4,118388794.7,10392692.7,0,493539.5617,0,232421.4749,0,0,7494941.644,344271.1867,10460808.69,142486.0431,95974384.49,5558920.391,57096942.95,1069903.579,0,0,0,0,0,0,0,0,91218309.95,4459666.329,3992626.976,0,35554370.63,1485158.459,2321693.743,338432.593,292877.2897
11,glc2 21% 4 b,64319990.8,3099477.002,4061162.647,610037.2888,585435.3603,0,41561309.69,3781667.465,8235880.97,710281.1383,390753.9616,0,36535805.84,1860765.732,33985429.42,414246.7105,40447724.7,5931644.239,29480415.1,3613186.817,6099812.93,751502.5354,77865.59656,21459138.72,2147598.164,3650401.804,186358.5591,1041473906,104267262.8,285117971,33025984.92,17553334.02,374830885,57657493,293219686.5,37331638.83,58938757.61,6173925.298,2650838.659,6168867.024,766050.7203,68065233.15,3502427.468,8523877.147,150154.5478,0,12788054.8,1265294.591,12474504.42,180514.8357,3016263046,293315682.6,680900112,113839064.4,114688315.9,12525309.68,1404614337,78384716.32,16210595.6,1593179.59,1787131.555,0,1440478201,80032785.49,792066404.5,17831753.9,656262425.4,66094220.35,177354572.2,19198275.79,9603934.877,623167391.6,105946676.6,9605849.987,0,314662.8342,0,0,0,0,7471921.001,416562.7505,10195952.63,89285.52525,89517015.73,5136679.567,56248468.92,1025015.994,34816.11873,0,141723.6382,0,0,0,0,0,76671804.08,3963904.404,3512894.428,0,37625259.96,1824943.084,2912022.929,467877.7418,377123.4142
12,glc2 21% 4 c,63779717.89,3925831.543,4313570.3,628976.4308,601685.5967,0,39044267.79,2262776.112,5450184.027,593232.0894,325551.3281,0,34999309.09,1655395.223,32258273.9,374612.1393,37754909.26,5133186.728,27598410.88,3322612.117,5389688.169,405047.8307,0,26960002.44,2235045.809,3808983.278,0,1050920395,102205928.8,278232871.1,30903143.11,16230035.88,340309769.6,52071504.77,264515954.2,32159920.58,53464816.92,5311402.232,1883460.008,5872596.76,713673.2362,64297571.02,3109295.292,7843878.812,84756.54332,0,10608935.61,1166105.215,11498055.64,0,3065407285,289368001,659583927.8,105043259.1,108390581.8,12061494.88,1492127084,83363972.39,17278174.49,1682651.396,1741276.335,0,1414865681,80499331.05,809520709.4,17269993.81,680068837.6,63374558.37,174880577.4,19399559.88,10197397.25,702278466,120085695.4,10760417,111949.1855,374188.6009,0,112990.7704,0,0,6756670.107,277228.2201,10401113.44,106413.4235,80606880.67,4829089.298,53702882.97,932166.5352,53313.53643,0,78544.36624,0,0,0,0,0,91543699.47,4535425.17,3971519.212,40024.86951,38383954.76,1693991.803,2506142.911,369047.0612,314450.1663
13,glc2 0.5% 1 a,31163775.74,824918.5909,57291.70169,0,0,0,2548209.536,0,0,0,0,0,3050980.535,43560.62689,2007631.922,0,9836985.044,662841.1078,2169052.296,98206.40785,137972.4399,0,0,3870147.93,53919.72947,133453.0091,0,137476897.6,7683487.274,18630988.34,838287.3254,394384.9547,68098819.47,6665621.298,23219635.62,1595550.122,2561584.886,23088.26076,0,1339331.91,42454.53403,10118516.01,228519.419,1237615.083,0,0,1096167.307,130834.795,535346.1243,0,405454193.7,31577770.24,66890516.29,5416990.188,6252966.785,240152.4162,408683946.9,22125233.67,1252255.012,0,0,0,709021476.5,24610467.9,14301462.4,45304.22663,93511923.79,4108998.97,6451382.896,0,0,103746555.8,24905652.99,2404133.404,0,0,0,0,0,0,604047.4666,8022.803465,1191024.117,0,79098707.19,2775848.999,9572194.56,0,34335.54735,0,0,0,0,0,0,0,23193985.72,670195.347,268367.5741,0,25355975.05,751133.4753,188007.4165,0,0
14,glc2 0.5% 1 b,8015583.223,676242.9346,74773.56049,0,0,0,2182401.454,0,0,0,0,0,3207089.487,25766.12133,2159322.526,0,9730843.945,721892.3203,2466164.45,101852.2181,160357.6275,0,0,3951285.318,68134.73164,153450.146,0,128766255.1,7440826.834,18444208.99,769351.3763,565685.3774,66386327.95,6347738.704,24510236.81,1659919.965,90642.58354,46872.40152,0,1296929.322,35123.82301,8561854.051,253827.2684,862015.87,0,0,1009624.373,134583.0493,548645.2886,0,363321976.7,29278019.74,62094040.58,5369944.091,5792351.348,1051418.329,376845513.4,20479090.49,1156521.808,0,0,1498305.294,362386819.2,13081257.96,17122280.47,123140.5149,93158632.09,4741995.374,7181961.404,0,0,177952047.5,22980594.64,2466931.512,0,0,0,0,0,0,621118.1566,0,1294653.237,0,63912580.95,2496256.173,10923724.19,0,0,0,0,0,0,0,0,0,19417049.08,557274.1266,260976.8191,0,20861563.63,654881.768,213948.3335,0,84485.90341
15,glc2 0.5% 1 c,6667012.32,920861.2916,151166.7758,0,0,0,3601548.791,0,0,0,0,0,3775987.61,63586.54084,2737752.106,0,9838082.686,604444.6732,2661143.388,0,162332.9917,0,0,4194016.641,93038.83327,273104.5205,0,148525956.3,8923278.973,22394289.27,1050827.657,642464.2295,61049305.48,5925525.508,23646709.35,1567424.236,2495775.085,0,0,1567721.384,80180.21285,11066021.68,332454.4494,1409015.322,0,0,1273556.873,243614.3343,679445.7564,0,483507754.6,38439104.03,84505681.18,7185205.74,8236700.923,247512.0089,556389922.7,30452175,1711986.599,0,0,0,261552810.8,9354505.612,25211051.14,245307.8376,100995422.2,4948980.638,9175392.669,131441.9228,0,178586115.3,28530783.71,4325022.614,0,0,0,0,0,0,675565.855,0,1002825.088,0,116375781.6,4357602.153,22653362.35,156203.0541,0,0,0,0,0,0,0,0,21402220.46,622567.5964,290947.3538,0,24412337.95,749814.9082,241603.5367,0,0
16,glc2 0.5% 2 a,16663256.54,0,203942.6486,0,0,0,3153759.802,0,0,0,0,0,5124469.594,89830.61771,4088717.213,0,12091754.73,861985.0794,4579446.15,284701.2363,653075.5433,0,0,5425112.587,185484.6751,414781.3272,0,203078692.6,12774638.25,39238932,1949421.842,1504964.132,85323684.91,8447236.402,42331518.83,3139074.957,6498213.773,167064.6188,0,2098945.584,100028.0965,13748058.77,418089.4578,2154084.371,0,0,2111015.037,219109.4531,1211605.994,0,600553518.7,47540225.25,115015252,10890767.27,15479007.07,842380.5039,594539726.8,33054900.93,3151175.086,0,169568.3766,0,1070072723,37606289.17,46292900.75,399631.947,117973460.2,6448348.071,13293778.97,405437.0232,272668.6501,180007172.2,39472847.13,3430772.287,0,0,0,0,0,0,883921.4232,0,1324402.087,0,71474431.16,2467468.516,11148312.69,33571.52285,13640.48335,0,0,0,0,24694.05621,0,0,33258590.09,1001111.18,478869.6258,0,27472471.8,941033.4724,364090.0665,0,21401.6375
17,glc2 0.5% 2 b,10855775.75,733450.7729,287005.4505,0,0,0,4846375.648,0,0,0,0,0,5322065.565,109880.2354,4055133.175,0,12535324.24,1133930.249,5038199.411,361569.311,828140.4843,0,0,4945849.768,125471.3943,451147.4735,0,183960440.9,11961689.5,37290464.13,2083846.409,1386746.06,96747241.88,9920401.177,49007980.69,3755029.434,7505887.278,298927.6517,64704.44119,2001927.184,123780.1588,12544473.21,430787.5023,1843677.282,0,0,2225814.883,288736.2835,1237956.251,0,588055961,47985129.69,122610205.4,12143891.32,16457519.77,1177180.331,581161061.6,32447748.05,3405706.328,0,0,0,526117949.7,19819552.43,48202302.18,582983.5085,104030130.6,5952706.658,13570163.69,490523.3533,324592.9332,251556164.9,27025296.88,3014532.097,0,0,0,0,0,0,890162.7692,0,2737032.244,0,41679152.85,1536242.423,11007482.33,47451.39335,0,0,0,0,0,0,0,0,26282902.46,764499.8039,461877.3872,0,28208828.72,1078356.254,395692.2702,0,0
18,glc2 0.5% 2 c,18518645.58,893727.4548,197166.3822,0,0,0,3896150.344,29109.98045,0,0,0,0,5300096.707,0,4104309.179,0,12023464.2,983951.3438,5227743.39,436417.4924,740163.6581,0,0,5045960.614,186212.0501,439777.954,0,190912573.3,11827464.47,39051095.65,2121472.851,1547377.886,97445991.72,10316643.9,51708412.14,4082857.187,7940333.424,265710.1512,118502.6282,1929387.116,74795.32103,12584761.43,328854.0628,1840369.388,0,0,2109707.216,223591.7965,1210000.777,0,655952909,53074393.15,133172155.5,13434537.12,17835300.48,1059547.285,676366206.4,37544152.18,3966162.511,0,0,0,522611726.3,18754274.87,49044293.55,537037.9271,84379534.99,4804358.182,12739331.02,378770.2282,212375.8061,141047226.2,27393385.15,4839290.217,0,0,0,0,0,0,879671.8189,0,682934.625,0,42943489.84,1493298.674,11100987.6,37239.8181,22444.45932,0,0,0,0,0,0,0,26161833.57,819268.6839,464714.5946,0,14340767.98,835998.0927,365244.2881,0,39734.91165
19,glc2 0.5% 3 a,18069321.52,979380.3411,398429.0027,0,25422.86252,0,6343760.515,0,380200.6932,0,0,0,6424154.946,132406.1347,5215938.503,0,18295031.15,1402952.324,6455555.32,558194.1663,1241042.98,0,0,6772770.442,335363.8688,948489.5258,0,295093706,19362496.73,74812291.32,4295332.428,3508665.697,659308585.5,48748611.29,67422117.33,5485406.23,13269578.14,635038.5723,171685.7604,3110669.907,179889.4819,18007490.71,617966.3275,3370445.039,0,0,3200287.393,319511.7081,2181006.121,0,914056468,72687865.45,203087323.8,21852103.9,35006175.74,2404848.271,1056845048,57336658.47,7432552.112,369239.5698,1075969.779,0,525326311.2,21136764.13,94391229.43,1182565.856,120746157.4,7405090.801,22516209.99,974595.575,893288.0162,195803268,35055487.87,4080643.217,0,0,0,0,0,0,1155181.583,0,2152369.101,0,54663371.75,2241732.273,22589648.3,165512.7077,0,0,0,0,0,0,0,0,42683972.61,1399401.036,909696.4385,0,24033480.71,742135.8719,509322.8289,0,62772.43776
20,glc2 0.5% 3 b,0,1150906.7,447415.2686,0,0,0,6738083.044,0,379875.8303,0,0,0,7484895.36,134180.5284,6189396.269,0,14693372.83,1342716.239,7796224.916,642545.9966,1474221.957,0,0,6614247.419,286867.9721,771889.8834,0,252934002.5,17872634.25,63323894.49,3957298.99,3333760.696,128005095.4,14238858.09,82920946.87,7283578.121,16371561.34,974786.3407,419781.6623,3160838.581,165674.7707,17938361.41,640699.7863,3061050.534,0,0,2686260.643,297500.3592,1867634.427,0,792347511.6,66035519.99,181315781.2,20683225.81,30419344.94,4697920.216,879585143.8,48695602.64,6267416.081,246681.289,859932.1294,4144558.867,415686648.2,16588608.23,89316682.16,1136295.941,125907122.4,8037288.471,24060848.43,1101806.467,992483.6931,245086094.5,28421888.26,3596462.924,0,0,0,0,0,0,1325673.434,0,3627288.531,0,50159613.65,2106626.271,22792926.13,109368.5498,11868.74464,0,0,0,0,0,0,0,36214322.45,1241053.041,763094.5959,0,13642817.95,733953.0596,495634.0576,20984.7335,0
21,glc2 0.5% 3 c,13306188.81,599780.4596,368871.4723,0,7168.08704,0,5905786.902,0,342416.2362,0,0,0,6133605.722,113592.1516,4909182.723,0,15299584.97,1141857.195,6673643.494,531170.2252,1173153.549,39076.50148,0,7347675.371,263140.0827,745677.1708,0,278736631.7,18220513.49,70019043.15,3638780.767,3013643.053,194454509.4,17308513.79,69764817.18,5536406.03,12446156.37,702133.0454,302703.7759,2796430.915,232522.4442,16379897.67,533411.074,2893009.7,0,0,2861717.548,230585.2921,1824120.559,0,775074278.8,62629105.5,165106516.5,17167487.62,27286617,1887698.462,970368692.3,53395880.88,6376062.084,268799.9185,603262.5358,0,461492324.2,17761782.48,75465501.07,1110273.224,124783834.1,6728088.245,21862328.12,989669.3917,654043.5688,250759865,36517664.89,4714394.991,0,0,0,0,0,0,1165803.226,0,3234972.02,0,46846188.01,1956522.991,17482040.83,95534.33427,0,0,0,0,0,0,0,0,42678422.43,1318001.118,873643.2713,0,23552876.75,763697.2047,418739.1094,0,0
22,glc2 0.5% 4 a,26500888.49,1553825.157,1478104.777,0,252605.9336,0,10144361.19,0,1233131.795,0,0,19475.06659,10276086.84,353727.8381,9063310.888,0,14542536.32,1201330.337,7364586.364,504389.3398,1603260.604,0,0,9904816.129,440149.6637,1214213.241,0,362249872.4,24579158.83,102459511.7,5851613.967,5181207.507,93813987.85,10727409.5,63451849.21,5498788.516,13885624.73,676868.27,130102.9006,4830688.522,330351.0816,25841823.01,1065634.098,5243576.52,28471.2897,0,4288044.566,413071.1897,3026645.867,0,982881167.8,81704317.17,254802150.9,28033110.6,49681079.85,3648678.321,1282853918,69884251.04,10984580.45,398456.36,1107499.515,0,634249869.1,25957164.59,204443631.2,2939787.28,183642758.1,10828586.09,41740677.39,1877217.853,1788590.411,762745077.4,132325455.9,11429867.97,0,0,0,0,0,0,2955417.016,85837.58126,5122009.574,0,148351292.2,5664055.389,37320264.42,408980.2976,15558.77463,0,0,0,0,0,0,0,71254975.73,2464795.289,1367424.148,0,27575150.65,872119.7837,676405.8129,0,109001.3373
23,glc2 0.5% 4 b,17104722.8,1859384.363,1660310.286,103681.0122,258650.1408,0,13265527.15,0,2420838.053,0,0,0,10904667.44,344915.4065,8986795.336,0,20053893.01,1822498.39,11732210.44,1152388.134,2596842.165,70619.99389,0,8583836.117,481248.7815,1328109.821,0,342107133.8,25349659.88,103191744.2,6896204.095,5842752.099,154233119.6,18050753.69,111375351,10738910.24,25269634.23,1570062.409,815037.9191,4767023.585,351332.4236,25033696.33,1009779.844,4839146.846,0,0,4331307.697,398749.932,3235074.532,0,1037421504,91855222.06,297313006.9,36333426.69,58670789.86,5268381.984,1404524401,77002877.23,14611830.01,1232492.17,2361775.771,0,760685164.2,32016135.18,241011663.3,3539267.929,183757564.4,12095756.85,45497528.55,2467583.423,2331479.917,838550627.2,145913436.1,13507376.01,73280.014,0,0,0,0,0,2216414.997,38426.53823,4494361.759,16750.0651,85269402.64,3561299.062,44118475.24,499916.363,7924.086038,0,0,0,0,0,0,0,61987053.79,2303197.286,1492879.66,0,15616648.61,780568.3124,834225.628,0,126444.4703
24,glc2 0.5% 4 c,57173356.89,1744738.222,983800.6729,0,107555.3964,0,11333417.85,84035.38633,962727.8651,0,0,0,11150310.7,345954.3449,8959863.624,37429.85697,17175313.09,1495616.647,9903079.767,789183.4634,2140550.133,49026.87406,0,8827394.436,447980.0368,1275235.57,65805.68722,347489136.2,24601681.63,102615639,6250877.548,5344837.509,134400482.8,14925142.95,95829813.24,8444614.048,20262507.54,1044039.459,602752.0967,4154378.687,297246.5172,21665264.82,822230.4411,4195250.351,0,0,4067062.576,387199.3526,3168930.003,0,988367139.6,83370132.66,264282128.1,29284859.87,49311226.76,3489270.752,1453839180,79946351.5,14180598.9,733520.8195,2297536.923,0,611809792.2,25618609.51,203258625.1,3125430.388,158931770.2,10437501.93,37170836.72,1521296.479,1833150.946,913186331.9,150567335.2,12613242.46,0,0,0,0,0,0,2170298.732,37202.96143,5078293.528,0,65314718.52,3046262.173,35931237.29,326299.1307,0,0,0,0,0,0,0,0,64518350.99,2216090.225,1300975.652,0,18413593.15,813556.6974,770672.0907,0,62264.47904
25,q5 21% 1 a,7788240.114,396109.165,0,138463.8262,0,602291.0469,2998435.236,0,0,0,0,2152043.337,12397016.6,171377.9573,0,0,11125309.46,1405788.296,1665246.824,678750.0796,5239234.756,484245.9937,0,5025402.968,501056.9915,309438.9745,1701340.272,200203882.1,26842328.14,41070294.45,10218803.02,133723568.4,92420270.13,15662683.9,22034903.84,7199429.93,57621874.03,5037161.95,0,17898810.6,819256.8297,0,0,0,0,0,3481833.834,227233.3441,0,0,369962367.5,79741463.01,48275979.96,217737573.2,30722629.47,781238639.9,15829936.22,1443592.898,381265.7472,3545580.779,19748048.99,599621061,487865718.7,17275800.41,214852.693,41112.7292,92234920.76,9817600.19,14559509.78,3269016.272,46648075.72,185410344.2,23159247.76,2249775.297,0,0,0,0,0,0,2050876.019,0,715972.8737,0,50594454.36,1558865.642,0,0,22725.16015,0,0,0,0,0,0,0,21445223.45,654238.3023,0,0,10647762.91,1169279.404,544689.8914,0,1870156.392
26,q5 21% 1 b,25648002.65,1666328.132,0,215438.4105,0,817005.7947,3237029.301,0,0,593163.2307,0,3850404.046,15421025.57,268583.7764,0,0,13346047.68,1769619.382,2425994.387,886617.5502,7137143.508,588945.7823,0,5521412.1,466399.5571,380946.4693,2287516.449,234658988.6,33089264.63,52390850.98,12964036.93,158996219.2,116016669,20495410.45,27245809.46,9846468.018,76927916.24,6887771.388,0,23436704.66,1068074.595,0,0,0,0,0,4314355.113,241882.4206,0,0,472800839.3,108105057.4,65379867.86,288813161.7,39036295.06,983152370.6,11355015.86,1566346.267,692775.442,4269046.254,22726721.43,710050532.6,516187439,17963836.94,48431.0588,108645.2697,98392102.74,12322178.27,18155525.13,4173170.11,57752500.73,225047983.3,28544958.91,2661332.315,0,0,0,0,0,0,3067520.179,31572.95177,1704859.576,0,77074281.03,2652722.934,0,0,0,0,0,0,0,0,0,0,22416919.46,558737.1337,0,0,11801710.97,870105.8145,732253.9098,32946.81859,2332657.348
27,q5 21% 1 c,25724191.48,1363652.378,0,141070.2417,0,567802.7962,1467654.478,0,0,0,0,2201533.47,10693048.97,115521.8042,0,0,11169191.91,1392668.667,1793504.357,679696.0237,5416992.222,568519.0995,0,5004406.301,459278.5497,269778.6426,1704340.27,214894698.9,27004696.42,39953074.46,10039639.59,124312277.4,97103339.51,16438681.27,21390491.41,7521737.207,60206297.85,5316743.887,0,17825075.94,835856.9702,0,0,0,0,0,3388369.681,154851.9913,0,0,388256843.3,82747096.49,49251533.19,223372549.4,30781739.92,765925713.6,19764858.81,1970904.872,370967.5248,3697450.35,20589080.19,633382021.2,1105831794,37234982.95,174563.8134,0,85431156.23,9776940.584,15179727.31,2926147.411,46829359.4,1603433524,271843476.6,22967742.66,0,0,0,0,0,0,2137884.049,0,1855228.974,0,78164969.2,2625533.845,0,0,148095.0456,0,0,0,0,0,0,0,34745722.74,1005941.193,0,0,11496850.13,951130.9807,521107.3091,0,1881454.102
28,q5 21% 2 a,30345687.92,1155777.814,61556.43311,398321.7986,0,1271665.187,3516759.42,0,0,777514.0253,0,6009708.053,24805720.12,562791.5896,0,0,17403359.68,2956066.739,3345822.814,1452346.097,9039662.902,958782.4584,0,7055428.233,952271.1998,647102.5919,3110258.547,326569311.4,52455188.32,78581474.07,21171820.52,210717540.1,154683503,29534889.93,37345831.82,15332783.33,96478559.41,9831417.435,0,27754578.24,1361929.401,0,0,0,0,0,4495438.909,178580.4867,0,0,549142075.2,135237502.4,82838471.26,328798178.7,41629160.11,1017414544,18087904.52,3016877.904,1418779.437,8075047.021,38119489.05,1189863336,835904006.8,28727775.24,346895.8676,631155.1983,135197836.2,20596652.33,31903623.9,8047312.749,86092312.15,213701148.7,52353559.22,3774934.113,0,0,0,0,0,0,4795861.777,98468.25393,1970006.515,0,88180242.84,2850685.611,0,115316.1676,46904.71959,0,0,0,0,0,0,0,43308871.12,1293304.757,0,0,9656364.137,1012091.646,784856.2235,38140.00721,2445118.126
29,q5 21% 2 b,58956536.88,843204.2623,36261.57685,349786.2865,23885.12373,1205691.199,3548985.124,0,0,558460.3876,0,6061015.121,19847457.61,370136.7064,0,0,16357058.09,2651728.872,3104303.023,1358140.214,8498840.979,807755.8559,0,6460251.856,1026432.413,466827.172,2785748.619,304317967.8,48892126.9,72485108.28,20334815.99,193948914.3,161586686.6,30009888.46,37258487.25,15121897.35,93600084.39,9825458.807,0,26451841.81,1320326.645,0,0,0,0,0,4291022.834,394907.9933,0,0,529058073.5,130909380.7,79843894.44,311800875.2,39498734.19,951841971.8,16020274.62,2574688.831,1412186.941,7663263.969,33035892.29,1021077532,816318384.9,28086091.5,333211.7937,527092.6668,150890126.3,19780595.65,29684945.65,7407014.719,81705296.5,425653590,54690718.05,5489453.137,0,0,0,0,0,0,3254373.595,39556.69014,569975.9708,0,80838413.08,2434160.927,0,160719.4527,10524.04351,0,0,0,0,0,0,0,38805930.62,1031708.155,0,0,26381479.22,1089447.735,780370.7119,53881.21147,2537983.479
30,q5 21% 2 c,39108660.1,1609618.508,81037.10571,509726.0274,0,1501648.498,3350374.17,57834.39676,0,1353961.049,0,5775882.67,22798572.12,486335.4651,0,0,20053748.66,3478081.05,4156487.003,1817089.147,10634865.37,1132817.366,0,7993818.273,1201567.083,781358.5632,3455584.805,368666295.7,60232317.94,90096062.33,26039415.39,241124998,189875656.2,37774610.87,47509106.45,19689681.23,118851003.1,12394925.1,0,28463081.35,1523863.795,0,0,0,0,0,4859030.941,410668.7176,0,0,562989357.8,141309971.9,87971905.36,342797873.4,42387462.88,1039660773,18230837.42,2896157.815,1723289.994,9007727.672,39769149.56,1206280983,1074383765,37490940.14,378404.9119,806278.7435,150856897.2,24164712.94,34303750.77,8779853.064,93800446.83,454220466.6,73207982.41,8122096.217,0,0,0,0,0,0,4069148.853,73987.89804,922853.6486,0,88416218.77,2885548.311,0,139058.0133,0,0,0,0,0,0,0,0,50983002.74,1391461.022,0,0,24750511.42,1158857.621,1046569.143,40777.42792,3090400.967
31,q5 21% 3 a,37787811.42,2698277.75,422757.5581,1770973.94,112544.4633,5902831.857,11429056.32,724808.1602,0,4659238.009,0,23281394.07,49482261.91,1328111.683,0,0,27221125.09,4050422.624,5562128.701,3959016.15,15863689.4,2901267.932,0,14862191.17,1891904.487,1640604.763,6970547.206,597653655.8,89756664,155337304.2,83157470.57,468152698.7,240644081.6,41889738.03,59837928.07,40448709.39,160239447.5,26339601.64,569975.3487,74510189.44,4524377.143,0,0,0,0,0,12019750.4,548866.6134,0,0,780201328.4,178017752.3,139030791.3,532263125.9,76724998.94,1894571235,21832859.01,3497766.772,2205514.182,11395464.51,50855991.34,1542166218,1736261522,61111876.42,1102160.277,4446680.375,329210213.5,47483896.89,76506093.16,41785684.26,241639880.8,640345238.1,108723052,10842310.62,0,0,0,0,0,0,11537400.93,324511.9349,0,0,174088077.6,6085183.458,284452.6841,1099846.193,180056.1782,0,0,0,0,14433.05848,0,0,83591042.72,2450806.389,0,0,27463294.13,1532534.347,2273168.737,269515.1632,8492362.728
32,q5 21% 3 b,38733116.7,2639595.526,388196.271,1629486.445,120993.2318,5401242.077,10137730.64,523907.5532,0,5786228.015,0,20316112.16,47615458.84,1217546.491,0,0,24194978.75,3829639.35,5485528.146,3767654.087,14272097.08,2810167.404,0,13826521.45,1714479.081,1333638.994,5688532.033,519877277.6,81972583.72,136658171.3,73277703.07,400314610.9,222886951.5,41453523.16,58072590.08,38402980.88,153312644.4,24614433.6,609649.1638,74593901.46,4356883.225,0,0,0,0,0,10183036.28,559933.9206,0,0,697146378.3,166353530.2,128446837.3,486281340.3,70147771.53,1686471360,21677002.26,3257062.737,2557854.259,11243238.5,45233042.17,1345397310,1597011858,57089315.19,1696562.509,4496507.155,307107565.5,46772589.56,77899528.89,39613456.08,227833003.3,574776346.7,91691755.1,10258211.44,0,0,0,0,0,0,10840738.8,237352.2654,1515175.963,0,154313161.1,5023207.094,183243.7865,940228.8681,106048.4609,0,0,0,0,0,0,0,69376282.18,1904590.111,0,0,25428899.72,1299679.463,2168567.02,199623.0446,7750527.406
33,q5 21% 3 c,40369694.74,2464722.381,368692.1805,1500100.052,154338.0734,4930375.507,9852658.132,459090.8469,773988.8421,3763127.813,184211.3168,19223779.09,43084171.84,1052630.214,0,0,23703252.32,3705257.531,5024712.087,3602049.547,14934637.55,2610199.96,0,12541044.42,1771468.814,1408359.396,5967726.797,530667953.5,79157870.06,136631085.1,69778335.34,416748612.7,225431665.8,39938827.08,55307170.9,35743739.11,151821842.4,23852424.48,91628.36756,64766595.24,4097133.363,0,0,0,0,0,9627013.984,337568.3663,0,0,698232196.7,161259813.6,120647857.7,481956860.3,70444659,1709827427,23919857.96,3779133.502,2285870.047,11053814.11,49658115.79,1484925646,1309302142,45856249.59,1114070.012,3442772.876,291128818.7,41201127.17,69574263.71,34161436.51,212856114.6,486312106.4,85698619.37,6790460.532,0,0,0,0,0,0,10147239.34,203405.8797,878514.3042,0,142726252,4868085.63,65461.53656,834808.236,147595.1316,0,0,0,0,0,0,0,73155339.48,2064023.885,0,0,29974791.83,1469860.118,2078555.448,218652.7571,8052529.617
34,q5 21% 4 a,54897166.29,4085504.046,1205962.553,4660109.129,542581.607,15434499.46,13856290.44,1517450.194,1388518.351,7850093.923,0,36030965.61,60351026.97,1649255.975,0,0,31412545.24,6006764.832,8630157.082,6801708.195,22677197.49,5439064.681,0,22205062,2511179.87,2290035.65,8717604.382,687350922.8,113673643.7,199203954.3,119938123.9,598161582.8,292820602.4,59339990.15,84761374.84,61683239.77,225479393.7,43089383.31,1899927.798,69273346.69,4210346.851,0,0,0,0,0,27770932.58,812008.0516,0,0,970559334.4,245678032.2,204948011.2,749709467.4,109735593.1,2693232174,32029873.65,5686590.11,4003495.353,19778087.16,61949345.9,1904022284,2530726907,91968801.76,5103564.093,17239658.26,387093886.3,63220168.34,111904346.9,67538285.36,343318432.6,738289959,119779008.9,12286856.72,0,0,0,0,0,0,11711550.21,332298.7775,2235967.822,84959.15077,125276425.2,4631729.803,139253.334,1247554.369,48315.57018,0,0,0,0,0,0,0,103720759.1,3277016.39,0,0,28827257.77,1991172.031,3399308.338,508323.088,13330529.94
35,q5 21% 4 b,56400888.38,3933740.44,1117449.845,4285753.04,516993.6656,14312472.31,14701744.64,2447349.824,999273.4306,9309740.798,524498.974,34198380.55,62620913.06,1784819.283,0,0,31584905.98,6087330.556,8961423.463,6757814.33,23257364.79,5290169.115,0,17873491.46,2438017.556,2061778.496,7926992.628,620932567.2,104626661.5,179418626.1,105050775.7,523939620.9,303626087.1,64009657.5,89635155.53,64163639.67,230147577.5,44403946.98,1963062.381,73987584.15,4404469.153,0,0,0,0,0,24429363.42,886665.0193,0,0,908590514.8,237601036.9,192541093.9,691401873.7,101076086.4,2415313779,27605061.12,5858062.125,4220258.917,17864916.67,52800989.53,1591974904,2512654156,90575585.7,4845318.449,16098276.47,392469785.1,66112977.8,112901520.2,65411878.7,334637810.8,1154528618,199821099.9,18684402.16,180212.9863,0,0,0,0,0,12088868.94,348380.5309,1480868.949,0,173512434.2,5941535.671,408639.2614,1650534.066,59739.87281,0,0,0,0,0,0,0,85064107.03,2322553.845,0,0,31982565.17,2053659.695,3461848.346,430814.2898,12958489.29
36,q5 21% 4 c,61026507.85,3871049.344,1176137.5,4219675.627,549134.0207,14131992.75,15131025.29,1748738.015,1619810.421,8451390.404,493462.7681,35150208.35,57649794.08,1593009.661,0,0,33399688.63,6235779.751,9058227.335,6801980.594,23835489.18,4962383.497,0,19917356.02,2474490.221,2131911.367,8563720.631,670619523.6,110446879.2,190446279.2,114691802.1,569179228.1,300509967,60343978.73,86022021.79,62113692.82,227105202.9,42738586.1,1696632.284,63448311.72,3942880.969,0,0,0,0,0,22542369.96,897951.6504,0,0,949669781.9,235539774.9,197577074.6,704316741.1,103744556.2,2498509506,31066052.16,5282397.659,4617516.129,18752302.86,59928362.41,1822191218,2192844552,79459647.18,4137342.229,14139300.56,372499434.9,59253339.31,102141164.4,59765238.51,316607427.9,1017399791,175265134.4,17883432.09,0,0,0,0,0,0,10685601.56,270217.2658,2729259.345,43381.01859,209127123,7783138.688,292738.4349,1749943.675,316458.5145,0,0,0,0,0,0,0,101636548,2695746.7,0,0,29354920.09,1914650.201,3530908.51,480815.3654,12811139.32
37,q5 0.5% 1 a,6992417.13,685046.555,0,0,0,263527.7368,1723680.635,0,0,0,0,324734.2888,4735418.61,26405.99503,0,0,10003004.43,680328.7512,182621.4063,345561.9092,1130449.18,422958.1616,0,3429507.727,41688.05749,0,277514.9233,127482570.7,7173019.436,5515579.799,3494994.839,21740747.63,60404541.64,6085371.392,3536627.334,3243956.53,10999576.58,3521279.963,0,11710910.72,338580.9591,0,0,0,0,0,1802098.083,78344.8161,0,0,272832704.6,24041874.42,10912526.87,54862381.17,9927229.257,270757315.9,8710524.21,0,0,1152792.002,16252133.07,509551758.6,678365170.3,23026490.73,86132.01271,0,85790859.23,3560593.314,1944113.461,759320.0863,8384346.592,220136542,35085497.35,2310569.613,0,0,0,0,0,0,853486.4599,0,308309.2691,0,53244617.83,1628488.479,0,0,0,0,0,0,0,0,0,0,25958085.25,457919.4519,0,0,25553540.78,839779.5273,134937.0011,0,734851.2695
38,q5 0.5% 1 b,7539231.471,976263.8283,0,27709.07884,0,379011.805,2991967.709,0,0,0,0,530020.8818,6127529.822,28207.24753,0,0,11589434.16,666858.7182,307949.2279,471106.8508,1520714.428,712276.504,0,3731569.774,61649.19872,0,306077.9511,141165837.6,8011778.766,6590351.223,4086177.283,26265202.54,71854820.98,6593651.463,3753239.007,3953187.422,13226058,4263707.242,0,14125154.45,483563.2887,0,0,0,0,0,2006124.708,133778.9522,0,0,273475835,24926981.2,11433874.18,53720800.8,9435536.114,259801897.6,7776083.532,0,0,1114587.447,17536260.18,537301895.7,347186943.3,11811420.45,0,0,96054631.35,4566386.705,2589919.577,1508045.777,10620001.64,202808453.5,25520632.17,2000674.156,0,0,0,0,0,0,921896.609,0,0,0,66414746.42,2166648.457,0,0,21697.95501,0,0,0,0,0,0,0,22519991.58,550186.6616,0,0,25367457.53,763814.7416,195698.9246,0,982328.0553
39,q5 0.5% 1 c,30093653.61,843866.3685,0,24994.56335,0,379046.846,855108.9612,0,0,0,0,424854.3655,5429056.606,50690.73943,0,0,9585391.866,680926.0327,256715.4639,433307.3765,1303876.527,583830.6491,0,4255393.007,78981.56276,0,311141.7086,145737115.4,8280188.659,6341733.863,3831259.739,25604989.34,61309665.36,5446104.057,3133183.089,3384306.076,11385248.34,3972870.493,0,13134755.58,342914.2333,0,0,0,0,0,2142669.363,180233.3291,0,0,268298358.9,23665624,10864880.67,52558351.82,9345785.294,248501509.2,8852859.454,0,0,1294089.838,19691001.87,592182627.3,716229756.1,24800011.24,138142.2411,0,72617276.16,3733255.953,2321582.524,1000764.865,10190573.55,181812198.6,33551243.9,2097823.581,0,0,0,0,0,0,858104.5726,0,648406.2588,0,80565760.71,2373060.978,0,0,0,0,0,0,0,0,0,0,27929921.47,648631.881,0,0,23812847.78,804088.9399,188150.5379,0,1210202.541
40,q5 0.5% 2 a,7847558.892,1152768.434,0,118832.9167,0,814522.9938,1973735.064,0,0,0,0,2326782.396,8995673.231,115366.0426,0,0,12596753.07,990689.5443,673886.4934,772647.544,2649063.721,995162.3638,0,5364202.583,131547.3762,82241.68699,739997.3142,183456483.4,11547468.94,12730044.68,8282983.141,52711115.2,86935215.4,8213313.75,6755432.401,6581978.318,23787847.26,7063735.353,0,16978864.34,744697.8894,0,0,0,0,0,3714758.351,295493.449,0,0,300353108.9,31075804.66,17817832.97,87054494.63,15242010.54,416964733.8,12471055.18,700041.7922,241541.7137,2413292.107,23595918.16,721499909.6,445068779.6,15551399.42,0,0,87006503.39,4920678.511,4670889.125,2068361.429,19418689.96,402721576.9,64404898.1,5875478.83,0,0,0,0,0,0,1594814.038,0,356981.9972,0,65956141.76,1908300.867,0,0,0,0,0,0,0,0,0,0,29820157.91,752186.0771,0,0,24762069.32,953347.1998,299277.7452,0,1400518.533
41,q5 0.5% 2 b,41352814.15,1211704.102,0,97333.25113,0,781992.1255,3003710.115,0,0,70915.88414,0,1633677.762,9053663.399,97644.20668,0,0,13318313.88,1067719.462,704855.6725,841764.9596,2653169.163,884379.8153,0,5074188.641,99280.75164,0,576267.5712,186277765.3,11564617.6,11709191.61,7028571.319,45347150.16,94035439.14,9293642.502,7013856.124,6505147.789,23720876.45,7060860.422,0,16449677.74,654296.2795,0,0,0,0,0,3901710.267,272022.478,0,0,377734661.5,36910365.82,18683290.68,86129525.95,14637273.63,402322007.6,17879899.99,1230754.72,291491.5442,2526580.538,23281335.25,687002785.1,521236514,17479390.08,42547.43387,0,95812897.24,5383001.861,3874680.762,2535609.44,17547457.65,213873939.9,30172767.64,4772765.296,0,0,0,0,0,0,1532319.918,0,643353.0251,0,70708103.03,2256927.049,0,0,171039.0976,0,0,0,0,306878.5759,0,0,28183187.16,760299.4031,0,0,34442872.53,1089684.601,321650.1579,0,1500753.636
42,q5 0.5% 2 c,7374179.812,0,0,72299.69648,0,734562.6988,2242604.085,0,0,0,0,1630382.225,8465403.83,103346.0776,0,0,13182034.92,1074349.386,723778.74,861360.9401,2729390.264,1037926.857,0,4174198.177,70421.13257,27757.99397,587988.098,170564066.9,10916476.76,11191018.61,6714257.724,43361366.79,103249128.8,10146320.98,7672388.215,7490036.894,26680606.76,7924339.173,0,13893036.4,483417.914,0,0,0,0,0,3289378.085,261653.5092,0,0,353375517.9,36481037.89,18841088.31,92649042.68,15613453.96,438017403.7,50124860.21,2971228.344,0,2815076.16,25354421.64,770373001.2,447537383.9,15747068.22,0,0,80903616.16,4413071.615,3838945.466,1697002.571,17230025.22,133943077.5,22489879.07,2466486.391,0,0,0,0,0,0,1501699.116,18453.82067,0,0,54091188.75,1690329.824,0,0,0,0,0,0,0,0,0,0,32160349.65,904984.1195,0,0,12201918.46,852817.3547,303691.5062,0,1445672.576
43,q5 0.5% 3 a,15249395.17,443551.137,34633.1978,293637.6448,13569.87752,1509401.335,4655164.828,0,0,155320.0436,0,3663355.49,11030208.29,151989.4868,0,0,16545283.25,1348582.347,1014609.321,1444021.45,3836186.56,1490785.453,0,5879924.494,179237.8884,191917.5436,1046878.046,246589210.1,16405295.07,20269798.71,14176973.67,80401057.16,130754529.2,12863626.55,11353745.64,12018915.09,38587023.64,12294498.02,0,21880724.42,1052656.882,0,0,0,0,0,5122149.863,274282.8564,0,0,394804438.8,42816646.94,27325549.19,122826293.9,21716529.7,578976333.7,22326639.88,1378747.567,545749.5911,4660959.056,35316414.29,1064052504,506883317.7,17983297.18,373003.068,67079.227,112969200.7,6918803.223,6870905.89,4424974.918,29922182.15,266374228,33360516.8,3143978.614,0,0,0,0,0,0,1996021.416,17699.77698,391832.897,0,69228036.6,2327021.768,0,0,0,0,0,0,0,0,0,0,43587025.23,1158887.782,0,0,24002940.17,819027.5398,376136.2441,0,1984174.857
44,q5 0.5% 3 b,7868212.972,0,28085.07882,333571.9905,0,1483093.374,3800694.57,0,0,554280.745,0,3176205.747,12593866.45,184764.7359,0,0,19293026.82,1559414.054,1174780.036,1537689.291,4272179.423,1514259.059,0,6048126.305,189065.8831,109178.136,937343.3986,233538031.4,16062511.62,19018271.93,11869534.1,69579706.11,146472811.5,15170124.32,13432052.55,13209463.81,42288863.04,12799410.41,0,20872093.68,922822.0886,0,0,0,0,0,5335371.126,200731.6005,0,0,426783524.9,48992504.9,28803820.2,131743755.9,21278310.86,558057778.9,19533630.59,1530944.925,556066.146,4686344.557,32512517.2,1001382483,627310936.2,21710793.9,67553.27094,0,123304986.9,7205635.867,7072353.555,3210447.694,28251701.67,255608944.4,37445380.33,3651508.911,0,0,0,0,0,0,2141875.422,18410.52915,576785.8474,0,79960226.57,2557956.792,0,0,50449.14587,0,0,0,0,0,0,0,39648488.39,1037296.345,0,0,25220518.51,1188924.792,483229.4945,0,1963408.299
45,q5 0.5% 3 c,10981193.83,0,0,152033.5342,0,1115094.043,3703917.578,0,0,177858.2411,0,2832720.358,10157416.03,166936.5023,0,0,14743177.94,1046718.645,799702.9475,1029102.408,2817002.201,1208723.438,0,5852066.403,140074.9835,94753.62175,863818.3342,212775687.4,13190000.41,14788236.2,10366118.12,60488567.3,99468591.07,9517748.533,7507530.646,8208631.807,26698085.35,8512451.157,0,19474558.2,779068.5184,0,0,0,0,0,3961374.797,265677.9383,0,0,344278184.9,36099482.08,20626702.65,96929112.59,17448858.52,470877859.3,53292290.86,2828794.907,0,3735737.68,30388797.98,927601430.8,360768000.4,12493455.96,42574.86223,0,101896905.1,5518927.598,4777045.484,3239161.133,21830374.09,244707866.5,36020910.68,2719938.648,0,0,0,0,0,0,1755484.598,0,659145.3139,0,56092518.97,1784619.301,0,0,18044.87517,0,0,0,0,0,0,0,36441539.87,950470.1858,0,0,13010644.51,886369.3452,330150.555,0,1757302.969
46,q5 0.5% 4 a,29969374.6,1667066.07,334343.6137,1427723.028,198474.7456,6993124.734,9153911.251,129531.8788,0,943618.7771,0,9732614.648,20892847.43,450402.7717,0,0,21042058.34,1591412.071,1308338.912,2347282.59,3827383.124,2817841.371,0,11650116.67,466037.5761,376662.579,1635205.165,402064307.6,25861809.28,29440112.61,37945099.75,104822996.3,146127572.3,13800640.94,11576321.03,18668912.68,33147515.67,20266864.74,0,36030826.19,1869754.386,0,0,0,0,0,9915584.921,585010.1655,0,0,685217071.1,69043154.47,53614086.51,195184352.2,32807376.2,886288661,36575842.11,2690421.517,1324337.191,8692826.089,56678601,1744947825,1349501054,46517726.53,288190.0935,220434.2182,204616847.3,12131025.24,12937976.88,15334638.27,46821469.37,817938635,144345342,12858664.29,0,0,0,0,0,0,4135231.247,40217.90002,732474.4841,0,188438479.1,6129983.4,0,125374.1806,30586.02838,0,0,0,0,0,0,0,89470468.01,2626756.02,0,0,32969038.02,885323.7791,656308.688,0,2993019.104
47,q5 0.5% 4 b,77119243.98,3965838.514,169033.3371,905879.1727,95505.00554,3614807.684,8136689.726,290942.1114,0,545213.1514,0,6262695.015,17364327.26,400283.7774,0,0,23635960.38,2034623.142,1441587.321,2407968.848,4409686.249,2742926.299,0,9435691.841,241676.2564,256911.147,1043868.12,327361476.1,22332169.89,25081382.3,24566922.1,82492013.78,183187681.1,18781181.92,15854137.3,20767989.55,43305309.15,21086193.14,0,26526836.8,1219888.853,0,0,0,0,0,7819319.114,407896.3608,0,0,556692301.4,61223549.41,41760331.14,151448729.7,23439792.43,625273288,32690770.82,2440746.953,1807431.817,7638938.904,46805875.49,1435133158,1659595521,57098661.14,521472.9761,205523.874,170954601.3,10676239.46,10827449.46,9379425.079,38954042.3,906889930.3,144495218.4,15438528.55,0,0,0,0,0,0,3177482.224,0,1221211.728,0,101397487.3,3273995.253,0,85942.411,137313.9767,0,0,0,0,0,0,0,70669257.78,2034799.191,0,0,17156108.47,916362.5586,618631.3199,23504.8913,2413383.66
48,q5 0.5% 4 c,44881838.31,1063713.15,107705.2186,663706.7724,54549.41311,3035766.016,5926703.193,0,0,588783.6944,0,6488023.144,17576711.85,347198.3146,0,0,23678024.62,1829449.853,1595869.97,2370889.625,4508905.222,2723220.172,0,7309435.36,227908.45,195571.711,1016656.78,308636139.3,20209929.45,23411130.4,22852181.03,83137915.44,187713655.7,18782394.27,14931719.23,20964187.79,45104879.42,22353669.16,0,25936840.62,997855.5121,0,0,0,0,0,7315356.917,455155.7942,0,0,570840289.3,59415675.59,39281363.64,155935619.8,25181949.82,677594423.8,33598395.5,2501750.546,1181883.985,7946672.043,52297068.6,1589428718,1014201773,35082600.45,243200.3338,256322.5318,160809223.7,9676918.006,10091529.59,9150391.754,40103671.78,720788240.7,118173427.4,10254518.65,0,0,0,0,0,0,2968316.127,59264.52338,1309797.013,0,106702045.7,3402922.472,0,0,15230.73288,0,0,0,0,0,0,0,63285120.74,1823342.821,0,0,26145023.91,743510.1332,487750.1204,0,2255158.183