filename,id,pyruvate M0,pyruvate M1,pyruvate M2,pyruvate M3,lactate M0,lactate M1,lactate M2,lactate M3,alanine M0,alanine M1,alanine M2,alanine M3,glutamine M0,glutamine M1,glutamine M2,glutamine M3,glutamine M4,glutamine M5,glutamate M0,glutamate M1,glutamate M2,glutamate M3,glutamate M4,glutamate M5,serine M0,serine M1,serine M2,serine M3,aspartate M0,aspartate M1,aspartate M2,aspartate M3,aspartate M4,succinate M0,succinate M1,succinate M2,succinate M3,succinate M4,2HG M0,2HG M1,2HG M2,2HG M3,2HG M4,2HG M5,2OG M0,2OG M1,2OG M2,2OG M3,2OG M4,2OG M5,malate M0,malate M1,malate M2,malate M3,malate M4,citrate M0,citrate M1,citrate M2,citrate M3,citrate M4,citrate M5,citrate M6
1,glc2 dmso 1 a,126520429.8,5659294.684,23593092.92,438462.9331,4353957710,164462500.5,141099190.9,872917.9797,6691116.369,199559.817,140494.6037,NA,118976895.9,7528039.064,523823.3818,4626.363832,10046.65739,91171.95293,245143423.7,24082082.84,46891576.42,5157321.587,5140335.949,263448.3079,31952743.26,1194146.4,280593.2958,634.6578101,94713500.88,8071623.491,18005962.49,1356427.825,710355.3161,1938676.372,143314.2679,117978.2466,9853.943947,NA,857408.2773,72953.22747,45353.87866,2767.496053,2367.438343,31981.74941,2065863.558,190000.2376,368751.1432,40688.76579,40161.65052,8128.468943,22213920.14,1823370.793,3925440.474,292113.0359,159926.0663,17346362.3,2198258.431,8860742.478,856475.5861,1228299.281,84535.25812,16197.69377
2,glc2 dmso 1 b,107244564.9,5092472.607,30929387.4,599161.1237,2086926480,81269613.46,185459047,3026485.719,5413118.696,174300.9151,162103.1973,NA,136705616.8,8770991.983,688569.8578,30466.16457,14663.03317,4019.243319,281774086.8,28537022.12,59174933.28,7018155.71,6786565.991,507632.8379,28239997.36,1050193.808,354318.5837,1681.222313,108565370.2,9714934.882,23139919.13,1934340.509,1077426.731,1843250.984,149613.2487,171829.7704,16124.04841,NA,695006.7475,59617.1516,73358.35493,7062.43729,NA,NA,2286539.918,215918.1323,465517.5326,50356.65449,54142.90719,11243.00178,25621679.56,2281189.829,5454445.973,455287.8421,234960.0279,21530836.6,2937866.553,13432881.98,1388235.21,2021415.586,151975.7244,38283.48957
3,glc2 dmso 1 c,121548611,5790933.567,40496486.15,821893.8559,1314329175,54781151.14,229440916.6,4295404.138,5389349.794,159593.4212,200173.7365,NA,173526137.5,11239860.17,896810.6401,42934.77464,31123.46346,60975.45997,327262233.3,33957300.49,69107114.1,8386815.91,8206827.291,571127.9026,25639943.13,944955.9124,343281.8342,3629.854149,118371316.6,10539882.06,25627913.16,2190076.116,1117666.021,1821730.667,184124.326,197346.8796,19044.95914,NA,828649.658,68051.25492,80606.24107,7404.433236,NA,NA,2528709.831,252332.545,528246.1263,63509.62045,60465.67481,5708.85881,25679044.48,2338350.161,5456648.643,465064.8597,253763.8103,26387092.32,3657355.662,16654661.19,1763724.065,2520546.005,176726.3265,37754.80779
4,glc2 dmso 2 a,91907293.49,5032232.591,44489866.57,963934.0569,2193880465,92903667.63,420826184.6,8015552.656,8442002.014,260759.9602,547822.886,10452.46337,246440991.6,15971845.88,1827507.312,150345.8767,146338.5887,47843.19094,390962966.9,47636322.51,115110574,18777097.88,18813211.15,2167175.981,41898305.84,1633509.689,419272.1012,707.0355962,150494376.1,16912540,45740851.53,5465836.861,3099412.865,2412475.373,241197.2893,354337.6821,53466.24518,15856.44935,1217078.79,119346.853,170074.2512,29775.17941,13699.00006,NA,4039482.269,481626.2427,1188840.47,196888.9469,199665.9296,33039.87598,38782090.53,4329048.581,11120559.9,1371845.032,759044.4598,32740623.51,5614796.921,28988923.55,3901379.763,6250170.249,694908.2583,293907.1539
5,glc2 dmso 2 b,93390168.71,5037061.31,44600388.94,997530.4474,2360860427,100310437.4,457395535.7,9248669.216,7488665.395,267220.9415,517129.2554,10904.41065,234218659.5,15145658.84,1823214.725,188719.1423,142421.2579,10353.82364,357943966,45415413.36,109332576.3,18636801.02,18085956.47,2225544.287,36046326.76,1442465.046,449772.7709,2053.307299,139515574.6,16405690.72,42666210.03,5326961.9,2917861.647,2001457.202,232699.4826,309752.919,55775.53511,14646.75074,1253335.413,111142.7339,171787.4487,25024.60876,25476.06776,NA,3451443.484,424838.2529,1040134.017,177933.5422,178119.6673,30159.48722,37182562.13,4266394.03,10849033.46,1403258.553,723907.3039,35815121.9,6350711.518,32381019.37,4503400.853,7064381.388,799093.2494,331228.0718
6,glc2 dmso 2 c,104141967.9,5700257.746,51273908.05,1103719.146,2480083895,105868146.3,488069201.9,9817628.589,8507975.334,246036.4802,586807.2788,12245.16255,255576859.4,16824421.2,1818162.004,153568.2344,199650.3138,12946.67757,383928105.8,47052717.29,116887500.6,19511168.02,18901259.01,2191511.487,39449540.13,1530251.291,532896.3784,4723.650919,147371452.2,16894820.46,45962039.92,5819967.123,3022425.947,2351419.759,265727.7061,335092.4695,57711.54127,13099.4977,1263390.453,123320.216,162453.3346,27167.86904,26115.04005,NA,3832172.861,461064.9801,1118195.379,197523.0959,187483.5898,28018.42399,40685422.85,4563963.342,11696547.31,1492322.598,776194.7646,34421483.38,5982020.359,31237613.92,4287976.928,6878739.039,766390.943,321340.0765
7,glc2 dmso 3 a,110756580.2,6464653.476,63885284.59,1533078.561,3049247027,138007218.2,846653075.5,18523107.62,10898986.49,463775.1794,1647603.99,38532.20334,369428095.4,24225821.04,3325631.583,402176.3281,447197.5358,37924.58331,619938591.3,73491955.43,190140913.3,31737991.83,38247775.88,4789263.437,53779152.59,2268464.664,961522.1841,6703.089056,215917432.9,23382495.53,74982752.01,8466528.515,5615746.166,4379021.426,393275.851,539795.6818,94338.48874,56420.38902,2493299.091,234793.8847,420459.9198,72742.65891,84475.96398,27633.62984,7425327.786,872255.5269,2295709.086,387594.7987,462959.4909,62215.44024,79273689.16,8499669.554,26143004.35,3004947.647,2019447.089,42635349.4,7452182.146,43901149.28,5889999.052,11011459.88,1171456.556,594343.9836
8,glc2 dmso 3 b,88180946.61,5401109.976,55837529.67,1319929.972,2628454127,127893939.2,1008226171,23156764.56,10719269.51,435986.7901,1686352.285,41151.37402,379500494.5,25179679.93,3653247.406,438714.3774,595054.398,75584.76663,684176964.1,85363550.12,224824501.1,41048720.57,45487621.57,5832769.459,46915461.32,1999273.244,971602.9173,11067.7487,210791491.4,24409449.48,76878262.08,9180232.565,5905860.859,3567829.274,398290.0054,652935.897,125129.2953,74629.63147,2149693.141,231188.9427,530805.2328,94680.35582,107350.4241,37907.15958,8813677.161,1087088.422,3010575.167,525651.1926,625095.6588,80970.23867,85214365.71,9893266.751,30827667.42,3818063.15,2444142.416,53790154.28,9934284.769,57474027.46,8105875.527,14833618.15,1681269.172,850871.395
9,glc2 dmso 3 c,93530621.75,5528203.234,52641875.52,1256158.758,3088361087,144717613.6,1019513680,23468065.99,11178179.88,471651.1846,1829251.657,47145.46561,415838886.2,27508633.7,4227767.303,546719.5066,529795.4943,33992.81431,708738688.2,87006440.53,231132054.4,40736248.74,46347450.78,5512889.475,54815580.01,2298972.062,1048207.794,7874.976478,228402078.4,26179321.89,82866713.18,9879797.313,6347929.42,3539755.347,397529.0575,697903.3987,117362.2992,70243.89763,2317952.167,256281.6997,602223.3341,100193.0699,115714.8665,47710.43304,9890865.418,1219334.433,3242102.603,545209.041,648067.7655,85675.65507,93882181.71,10715575.87,34052088.84,4066521.241,2651724.913,58945917.1,10788175.43,63237039.61,8825133.155,16149640.67,1782449.456,910452.2294
10,glc2 dmso 4 a,141170842.5,9912723.732,121206515.6,3226296.714,2799912156,180647496.2,2037359841,54744151.92,18429577.44,941901.0132,7025155.89,197589.8109,569127108.8,37270584.05,6954749.226,875405.474,1074464.889,116756.8835,1023960280,122284625,319574037.4,55757954.43,63099832.06,7710658.877,56362973.92,3029754.722,3371816.141,78899.45545,251774547.8,27978248.52,87168915.04,10468347.36,6559213.071,4377735.633,491636.5511,935777.4369,165275.0662,106272.0894,5033133.307,537572.2563,1278242.483,215615.7885,251524.5416,42844.973,16843709.84,1995378.16,5274562.69,927592.2929,1070526.917,134547.8816,133767235.8,14763811.55,45780687.88,5433025.808,3484528.336,82416703.05,15449888.91,87616820.14,12392969.25,21925235.39,2479642.635,1199375.007
11,glc2 dmso 4 b,94931105.03,6482264.581,74653213.22,1958937.711,2624908554,153318778.1,1560775897,39472822.45,12961470.42,616709.2807,4218784.405,109463.7867,420680572.2,28079172.58,4747473.16,662329.4175,754708.4446,93794.82128,886755677.6,103208950.6,259216539.5,43989590.05,48680322.29,6196906.641,49429830.4,2477926.486,2283860.159,47564.99553,268035520.1,29137753.06,91109158.23,10163893.43,6536806.272,4077932.075,433993.5753,831022.102,131833.5152,109512.6479,3919929.675,408885.9036,970412.8837,165107.4976,194530.351,38279.19029,14376364.81,1641667.787,4316017.205,716931.8782,878163.4601,109491.0813,125667108.6,13511025.02,42272170.06,4868367.883,3185843.278,69521300.79,12632882.56,73144931.79,9816161.128,17894125.58,1963077.892,977793.5707
12,glc2 dmso 4 c,127819219.5,8843058.88,102845134.4,2789334.23,3108705123,193820175.9,2077716716,54562776.83,19705023.87,1059280.128,7640049.528,215827.4924,616796724.5,40759159.62,7738926.874,1029358.702,1336740.773,123572.733,1112935225,130660214.6,337795823.6,58511117.57,65761900.31,8493724.708,64325216.51,3447007.418,3797616.714,76158.73905,331392851.2,37643722.73,114544106.8,14156406.98,8058254.846,4738519.35,540606.3832,1064050.16,189896.7941,114833.3603,5262528.723,566648.9101,1409152.51,242590.5096,274652.3819,46328.09281,18657608.8,2189508.852,5833680.889,998311.511,1151606.237,152567.5043,139864167.2,15878226.63,47798220.29,5797701.942,3524279.258,94773717.47,17931018.18,101683103.3,14369593.95,25260798.06,2871344.217,1433649.09
13,glc2 bay 1 a,49883304.42,2351961.173,15325708.74,317401.3114,939343753.5,37746594.82,120026647.7,2376253.72,5012840.514,126367.1681,274241.5651,3039.946223,148470611.2,9503245.376,384144.8919,NA,NA,6689.026399,230431610.5,17798081.33,50974062.14,3165398.728,7527409.154,165278.5744,35125129.68,1335390.316,1314774.412,18192.76773,85084934.18,4982301.948,21659864.32,801349.6533,312597.6036,1347609.282,96072.89843,62587.21115,1479.067312,NA,879269.2882,68945.00273,57825.61752,3155.64362,8572.93636,24495.06609,1587832.933,118341.8983,330951.1356,18036.85359,49733.12715,NA,10845301.22,616490.6253,2029900.533,75198.53023,29435.94992,15719050.79,1668075.485,10181799.35,706330.306,1703024.436,69263.11333,1620.373064
14,glc2 bay 1 b,74875636.46,3494014.805,18753164.28,403761.0489,2133504782,81134887.32,140564874.3,2257981.335,5068459.402,131315.9432,253778.2782,3285.410437,148996100.8,9506064.629,387460.4288,NA,5702.189195,NA,220269493.4,17177561.79,49250130.01,3073137.019,7365296.084,141261.0363,40690063.76,1586824.175,1325627.998,23199.11412,84506851.97,5024218.707,20952356.37,810415.2788,309837.1015,1244856.488,111006.0543,66484.21841,NA,NA,717720.4445,54608.08907,59447.90987,2957.509196,9290.219515,26448.37909,1479705.983,106989.4158,319427.981,19304.3713,51340.08478,4926.833169,9278627.968,547244.4688,2059050.199,75474.62113,29662.31399,17203520.48,1800911.258,11068537.12,779363.6945,1850103.939,62519.37441,2036.448531
15,glc2 bay 1 c,56813007.39,2669700.509,12405796.08,247524.7486,1384657139,54368989.1,108125842.6,1958581.651,4673690.526,132546.2113,233728.7626,3137.864033,138515070.8,8919886.187,337089.9357,1919.237523,3891.055379,12310.8162,199566737.2,15595963.7,41768670.72,2663789.708,6087962.343,111243.2403,37612975.07,1416949.977,1192404.417,17789.17444,78826729.23,4653203.757,18679195.54,741349.3892,261061.888,1509783.686,94805.85939,62275.95078,1069.826906,NA,862430.097,61793.78664,50631.4047,1600.090084,7850.748129,NA,1318169.24,91597.16987,266796.9789,15137.62313,38920.65347,1438.926823,9773889.253,554759.1018,1703392.958,66814.55157,21894.6536,16393397.06,1718108.928,10064775.99,687553.427,1599672.103,46931.24612,893.3841055
16,glc2 bay 2 a,65780031.06,3167695.1,20689234.42,465015.6836,1609628961,64252695.65,180530989,3666029.065,6124020.189,175205.3319,235720.6452,3211.424145,151347781.9,9665170.968,429409.543,1955.77556,19065.2679,2638.136101,179825660.5,14098389.25,42970633.18,2828893.55,7949368.963,201164.0931,46448997.61,1747966.394,1581989.876,30292.06346,79603969.24,4736084.71,22084561.13,886123.1053,267256.7385,1251542.001,96374.04711,59746.97164,935.9499401,NA,1186583.913,83876.66786,76924.10495,4166.271252,15437.43369,NA,1357455.907,98033.12758,285750.1279,17804.52093,55919.726,5106.778863,12083250.5,673143.4865,1925223.195,69620.5926,22642.75697,13033191.34,1389803.22,9018326.55,634988.6525,1673566.515,54469.2991,2425.292848
17,glc2 bay 2 b,74703069.03,3630013.684,23623407.06,528501.1759,1647708997,65090007.59,161894473.5,3257890.575,5382055.296,144334.1857,214649.1011,NA,132394904.9,8357682.13,375909.4428,NA,6210.790062,20937.04616,164526801,12959684.6,40034992.22,2697074.053,7606002.668,171540.9215,45952947.08,1813833.484,1627439.807,25251.17457,72775867.94,4300951.439,20324109.82,801923.2278,259203.7274,1229829.797,80483.35983,61022.1886,NA,NA,952421.5632,73795.75364,67772.57429,1902.589166,13723.36644,NA,1328365.781,92908.58417,296996.5431,18882.17241,59920.0892,6703.310304,10534401.41,575745.4192,1971756.066,69854.59151,26684.06045,12146440.63,1307130.761,8690062.523,614957.4157,1653509.695,54872.82029,1209.319379
18,glc2 bay 2 c,72425678.27,3656612.571,28156498.27,621801.96,1636513491,67171605.92,249967277.1,5516245.34,6343828.618,185766.4795,363091.0337,7886.157836,185990322,11989372.42,609357.7735,NA,49869.05476,6346.722694,229147064.9,18760105.92,66665815.78,4688723.191,13403499.22,413767.1635,46921902.81,1836533.508,1940743.403,38351.30442,94004010.2,5837286.463,29167423.96,1193229.515,530402.2604,1720338.579,136217.5273,106874.2688,440.6078857,NA,1128794.874,78573.99013,125301.7418,6643.045175,22309.76164,NA,1757520.025,134953.428,486750.7423,35779.67799,104001.5709,5231.228721,12443428.04,739098.3273,3010391.01,108562.6345,55924.28346,17025502.2,1890618.597,14054782.2,1025560.395,2959892.326,114220.6398,9801.615367
19,glc2 bay 3 a,45120558.34,2237684.637,15168835.81,336874.2003,1818032273,71996442.3,185824877.6,3834337.108,5860259.21,181953.8209,321367.8808,5638.58276,155298749.2,9704088.672,546439.3682,NA,11624.19994,3312.913203,182529730.9,14347992.88,46151886.6,3216226.29,9684086.719,260451.8024,52882133.57,2047961.752,1994292.321,34746.91147,82373409,5062772.781,25795370.91,996292.6863,350921.1077,1750828.824,90564.5765,54516.09904,2005.857535,NA,1133179.222,88536.89765,85588.79188,4651.237009,20572.79077,NA,1300202.483,92524.09997,294443.4602,21882.08407,65229.28291,4640.636257,13121107.49,764018.8826,2549727.062,113583.6137,44885.00937,9480004.765,1061467.81,7211490.608,544500.5933,1489107.288,67719.22988,5850.560452
20,glc2 bay 3 b,66207555.86,3486625.468,28546386.1,659279.4702,1827264883,74895831.26,302957678.8,6562750.305,6396471.118,189630.57,403271.6671,7750.759113,184542647,11680606.41,621177.066,3002.372163,35180.05938,NA,200684778.8,16492867.94,58046625.84,4305523.701,12856543.65,442163.6337,48967413.43,1895087.337,2310193.544,45483.59176,86440261.92,5323782.473,28189609.92,1047498.276,399797.1178,1507275.13,94377.09818,75865.95197,3012.695262,NA,1294557.094,93224.82758,135576.9767,7558.134804,33968.4508,NA,1605558.583,119274.1658,425899.1054,29602.38603,98794.30017,5565.723456,13496548.88,771757.6572,3173694.831,118285.0318,44630.09709,13951236.27,1564141.486,11803717.64,875947.8374,2562181.993,105963.1303,7670.808084
21,glc2 bay 3 c,65479014.83,3240250.534,24310532.58,567977.2114,2021094693,81498122.78,262750227.3,5810572.229,6637663.938,200573.253,402753.1572,6601.82907,181578064.7,11559301.84,610445.6116,NA,53549.48152,NA,211127341.1,17194603.87,59783152.44,4379363.119,13092793.64,485063.3541,50829913.95,1985584.167,2343839.09,50973.99321,89782272.23,5529988.403,29743820.71,1099414.609,422637.5165,4855266.139,280217.1424,96447.80504,1252.670661,NA,1844969.337,136254.4852,134453.7362,8979.587264,30544.58588,23672.40075,1752956.781,129285.1353,435946.5813,30447.95427,101536.5944,5577.751597,15539021.11,868046.4111,3120996.696,121919.82,47220.38958,16532697.18,1810722.754,12571195.56,934557.6915,2765373.772,117374.6715,10558.89394
22,glc2 bay 4 a,50409971.12,2749733.723,27039095.42,612038.6724,1126927655,49746844.83,308179813.4,7006305.751,6003754.069,173414.4979,459740.4777,8677.111347,178914077.3,11640175.67,557056.8511,3029.97448,29038.07692,NA,193594648.6,14918454.47,47682615.19,3173642.531,10812380.62,272159.9208,49275186.68,1914943.619,2326552.235,37608.30898,91713466.4,5661755.718,30852455.74,1154836.317,283686.8457,1456503.461,77580.51072,59233.65231,NA,NA,1160263.57,86483.77855,125077.9132,6974.30549,30863.0556,NA,1388143.717,98784.61776,314805.6607,20332.82861,79705.79823,8286.358987,12018408.37,688956.1214,3066798.94,110824.3616,30403.8784,10248879.6,1149308.728,8819110.686,642324.5715,1884311.684,74275.12545,3192.278121
23,glc2 bay 4 b,85277226.85,4563348.683,44084796.71,1075723.369,2663523397,113108555.7,531338439.5,11986975.57,8244462.154,286030.9343,626202.9024,13586.12319,201886684.1,12886697.76,633395.1596,NA,31370.88321,NA,206789270,15826658.36,57037431.86,3830500.203,12672608.53,368672.1267,50679318.78,1946546.8,2191716.411,39813.14937,97761117.24,5824440.545,30586007.67,1228870.194,362653.3763,1311120.048,106361.3057,74310.49798,1937.363878,NA,1361238.6,97439.87816,196061.5727,12453.6536,45147.16803,22982.25094,1791499.649,129638.5738,478370.1474,32079.96143,112744.975,7649.63218,13279405.06,785877.8182,3830213.12,146477.8684,52566.71251,18036577.32,2018635.906,15360034.94,1100083.365,3348260.193,116272.5314,8357.431094
24,glc2 bay 4 c,45227528.43,2534756.98,25144574.83,574612.2714,1166332817,50452818.01,291443752,6449233.73,6608718.058,171352.8557,526036.668,11876.4353,199003042,12718571.01,594022.2707,2055.775673,32869.5894,NA,190236962.1,14714505.98,46738117.94,2948172.61,10601581.49,284677.4635,48850706.76,1886807.985,2193967.293,34449.20364,87054810.77,5227884.172,29122364.96,1144230.547,259018.7849,1404070.863,107334.8952,51385.6617,942.8861389,NA,1098665.277,81197.01383,115644.1765,5622.844066,28602.86921,NA,1314626.695,89551.55153,305917.0538,17988.94792,68158.69598,4553.541973,10827381.17,616668.4172,2870597.593,91286.15226,26099.26276,10494645.63,1191631.701,9168852.765,669364.6475,1973992.295,78332.89058,3055.059893
25,q5 dmso 1 a,96394661.73,3882286.664,47355.17786,187041.6213,1560690315,57212407.83,168775.6289,39489.16523,4927880.021,113645.2087,8940.876945,NA,2172682.002,258049.2347,110373.3444,972084.0076,7623003.787,250317929.9,117713151,23197495.04,15146545.42,75928682.7,11373052.35,305889237.7,36442711.8,1253772.795,NA,NA,83141209.26,10002640.55,17064823.58,4935073.2,62520149.62,1474196.726,149113.4443,197019.4647,18885.11436,704196.7639,1021385.87,89562.0799,9819.52645,88469.05002,14391.64283,369287.1499,1187079.592,219956.4968,133605.0649,729814.3625,108646.7824,3010676.768,21631205.25,2515054.97,4014787.762,1141268.995,14891267.23,24245264.07,3968828.364,5414498.366,2489869.971,19648711.5,2070103.634,NA
26,q5 dmso 1 b,149723155.1,5963567.793,58502.50274,290965.7941,1396577569,51978578.74,209218.4354,297515.3657,5534468.052,164690.9343,NA,NA,2327487.152,230578.0705,97425.80309,922144.408,9060344.497,300184726.6,119698254.8,24061255.06,15232297.82,76295785.34,10962256.95,301375547.8,36192080.01,1211762.805,NA,NA,88686380.7,10987707.61,17782839.29,5147162.474,64740254.38,1333480.241,173521.3095,201610.1377,19507.14138,770266.519,837002.5639,68538.50092,18407.5037,94458.67226,15050.62893,395767.1052,1185429.651,226659.3185,144692.8346,755909.9084,110542.5381,3030374.901,20531562.59,2548904.032,4077484.384,1166227.182,15077667.79,27829248.76,4624925.228,6299654.891,2868775.278,22708414.26,2414773.457,NA
27,q5 dmso 1 c,101634543.5,4046482.846,50308.19057,206388.1526,1159514035,43069459.15,167623.203,62848.25011,5938666.229,188720.0712,4473.144801,NA,4108905.214,373461.0818,109534.4569,917923.2591,8233260.925,269873161.1,114642298.9,22478822.43,14609695.35,72667756.32,11024836.18,292216143.8,33422778.73,1166918.342,NA,NA,78625723.1,9737138.248,15981988.44,4722960.629,59007824.56,1214794.252,189246.4479,187944.7507,16557.8586,709772.0305,1026722.892,94602.43663,14362.2115,85770.91279,14722.42005,363289.4969,1096341.286,195502.5,134555.2133,660284.0431,101499.5433,2759203.129,18810186.42,2266065.515,3703021.905,1051810.692,13754972.91,26583351.07,4449208.476,5964234.025,2722346.353,21584590.2,2319444.609,NA
28,q5 dmso 2 a,200954694.4,8094827.029,228463.56,945507.9942,3214849010,120014844.5,788588.719,1731021.242,11130040.65,368926.9045,8208.818278,NA,4949755.977,749150.7513,298748.5014,2370554.176,16431578.98,535838165.5,201070171.1,47765132.22,30708090.27,134293567.6,18142097,479257306,53163274.29,1806812.159,NA,NA,144850055.5,22562818.22,33614498.32,9791654.214,109089317.4,1563677.845,240090.6359,334171.658,42059.77097,1137034.7,1253434.16,142719.8789,44383.33968,194672.2904,26000.84478,675317.1577,2167655.885,487647.331,322390.1626,1452957.323,196913.7206,5362573.975,32544180.34,5086295.922,7923577.831,2317882.881,25581186.82,47979949.03,9554377.971,12720344.2,5620513.88,39484414.28,4058777.394,NA
29,q5 dmso 2 b,152515975.1,6079654.177,199787.8267,834093.4524,1680590368,62317179.01,635857.3614,1981874.669,8031616.916,252756.725,6671.694597,5003.825619,4154372.961,579664.6249,313342.248,2068609.542,14142628.61,458703541.6,188280377.2,45184418.1,28537885.85,122625140.1,15466357.98,417489381.1,36417769.87,1205110.973,NA,NA,113359154.9,18265185.85,28150801.71,7540073.368,86168979.78,1552933.911,271796.5722,348676.6838,38276.69644,1134135.268,1229042.269,125479.86,40558.67606,181984.1101,25591.37941,615338.4218,2138220.478,499611.6185,320684.7153,1430528.073,191911.057,5040859,30201388.37,4718597.702,7209827.561,1954965.593,22606394.47,47114834.14,9579689.819,12556820.05,5309423.756,37301786.2,3899676.485,NA
30,q5 dmso 2 c,187960084.2,7627370.759,184733.6392,853435.0265,4109194550,152229728.1,1057374.27,1631848.721,13339705.27,425593.6627,5598.799456,11090.68562,5591657.144,910929.851,372849.7057,2421654.038,16000942.79,532096837.1,215994195.3,52301708.79,33388425.93,142877797.6,18977152.64,490153747,61218348.92,2058836.449,1916.330465,NA,162582598.1,25047285.24,37453172.53,10618889.59,117286990.3,1871736.549,306149.2616,412656.7825,42388.14996,1310665.755,1252193.091,143174.4214,51685.65408,217193.0682,24223.28995,721488.0711,2493289.707,594690.1447,384455.986,1674538.422,226453.8204,5976563.858,34485692.75,5484278.635,8627133.764,2354742.423,26902661.41,51452957.08,10558425.4,13860527.43,6022722.792,41815251.41,4359753.626,2296.145744
31,q5 dmso 3 a,174183387.3,7049228.756,258549.5899,1030207.724,4570464541,169913637.1,2033843.183,4737979.386,14598346.45,522001.5226,10960.48713,26237.30862,6817994.682,1021030.283,540564.8186,3611156.613,21434741.97,691241899,300113560,63262026.53,43215253.95,188458544.9,27618125.55,743689007.7,61570452.02,2153123.618,485.3926852,NA,179716586,24260629.57,37788220.95,16889126.77,131629841.5,2291368.939,384801.9054,529648.0378,65527.90143,2040761.89,1430502.75,192602.1657,101318.0186,434246.5277,63540.99308,1574407.135,4089402.152,836083.0994,589022.2991,2637422.962,402950.8163,10809285.1,60356394.82,8503567.935,13566937.84,5784333.941,47982499.72,57961846.85,10364544.92,13485929.7,8141293.068,45518321.08,6512736.973,4781.582448
32,q5 dmso 3 b,153679728.3,6459206.573,273686.643,1089187.699,4966272361,186580435.2,2175221.496,7192013.457,15547765.46,493129.5633,13291.34551,36251.30377,7682442.483,1279801.764,791520.5502,3833316.2,20215367.01,659052523.6,331313634.5,71947174.93,50264438.98,201636760,28630194.84,749259558.2,54416904.86,1852875.563,NA,574.0762703,196701009.8,27865381.71,42073622.03,18883039.7,134953752.5,2669189.135,378851.6176,634615.4148,72531.51944,2221518.518,1815096.269,255666.7228,131551.2607,521767.3691,72576.04736,1812560.021,4830084.143,1036515.999,720883.3993,3050059.497,430326.6209,11739328.03,70912091.53,10266420.94,15560840.17,6799402.482,51310944.51,73707237.19,13608458,17007262.3,10518168.21,53459011.02,8180345.4,14268.68941
33,q5 dmso 3 c,162055950.7,6616052.696,289325.0397,1165619.698,5389546875,199305947.8,2046494.019,7224636.456,15764588.08,571851.8156,17445.24249,43422.13993,9143514.977,1591000.802,929716.8777,4495432.158,24291157.48,794834744.2,330930448.9,74071901.13,53226181.76,215730499.4,32382390.3,835584769.5,62437128.76,2147937.798,NA,NA,215287725.4,30386079.87,47948021.75,23039091.82,162381355,2635062.87,404408.3786,669691.291,92596.53288,2461379.034,1857400.815,249682.9158,134770.1227,533217.3252,73711.15059,1978486.507,4740000.561,1036223.559,773894.5249,3178094.145,462568.1935,12592429.49,74137385.86,10446253.84,17010795.35,7946151.987,57883902.21,69869883.03,12779022.97,16854540.11,10701830.7,54407316.58,8325731.307,60955.76759
34,q5 dmso 4 a,297324452.9,12324650.53,870560.9417,3592725.083,5354608050,206852036.9,9140201.679,33425088.71,28735859.92,1073588.49,58919.02121,207597.4781,13043454.66,2133935.817,1378983.145,7064813.286,31863802.6,1031959855,429936397.8,99669191.51,76476702.03,308429216.8,46341600.07,1222981751,71219811.88,2370406.984,NA,788.6496172,227553853.4,33582605.84,56207897.77,31955980.93,193605282.7,2651345.035,489410.8042,994143.3094,132456.8498,3822551.048,2662263.195,426993.9894,278324.9813,1047913.046,168787.3716,4310029.649,6563552.207,1485488.993,1192947.222,4971128.072,766401.2344,20546414.72,95482143.23,14126037.31,24120488.26,13646873.48,84150946.02,89874219.1,17644876.52,24931109.47,18668090.65,79035097.45,15914949.02,509281.6446
35,q5 dmso 4 b,238959351.3,10045003.85,761933.0756,2923975.655,5019146743,196748975.2,9049895.611,32313199.5,22047478.68,833393.5447,51404.39098,151436.8407,10067567.15,1950888.85,1312143.589,5944262.924,24445239.35,774838131.9,409348201.4,100696596.2,76627835.3,286685911,42607069.34,1091343986,55254753.79,1882313.496,7091.457358,1182.568029,199788059.4,31207190.84,52028823.21,27556765.19,167625224.8,2744451.683,580222.1943,1121408.005,140180.0955,3973045.058,2598935.704,455081.4064,303556.7357,1100977.196,157967.977,4291620.713,7143461.842,1706909.696,1367625.633,5359097.183,791828.946,21057657.48,98985624.09,15368594.28,26092299.32,13865801.47,84595151.94,95275134.23,19969750.76,27413163.02,19636483.89,82246666.58,16459727.25,539012.87
36,q5 dmso 4 c,238180728,9975468.982,780729.1061,3148788.156,5559485589,214905883.2,9670852.607,34988456.01,26747449.9,1049896.894,64364.37627,208880.6945,12019168.83,2281575.085,1538975.285,7372623.029,28419770.29,921632316.5,423335084.2,102760721.8,82934945.26,307337627.9,43573172.97,1145712961,63339166.31,2087718.369,8557.517537,4875.526798,234784331.6,37301485.73,60745281.63,32503236,196717836.9,2672722.9,548544.9071,1210859.024,147621.8082,4301222.505,2658173.783,492194.9148,337208.8227,1281514.937,175485.1359,4702976.766,7400824.828,1797378.587,1423890.285,5678460.315,831640.7945,21948264.14,98177016.39,15976498.65,26378417.95,14041452.04,86637601.07,101272895.6,21490220.15,29767501.04,21469902.66,88880472.78,18328887.3,635752.8942
37,q5 bay 1 a,79248829.47,3117083.445,5887.901709,NA,1423161339,51677902.82,163928.8549,NA,5280344.608,143300.3568,7370.370454,15228.3501,1742846.793,34092.43654,NA,161932.5461,7135821.571,238865238.8,139921001.7,9758278.659,2161325.249,13578017.7,7042804.712,210040848.3,39910520.57,1282892.768,NA,NA,92051089.69,4655388.215,988746.6312,2223908.439,9811475.63,1181621.707,75399.405,21553.70218,2476.41094,220967.0279,956746.6857,65549.37489,NA,14227.43024,9119.111041,245298.2718,1038802.93,67458.68312,17255.20188,90023.47888,44871.22605,1407108.576,12514201.9,614547.3234,93483.73751,191820.73,950541.5561,23575481.61,1988395.022,320392.6578,779117.6858,3459705.841,1657046.923,358.11851
38,q5 bay 1 b,141754049.8,5526672.429,8765.760427,2299.309755,2131580451,78193173.09,209834.434,NA,9092577.536,248117.6321,NA,5718.119556,1929442.588,44696.98635,NA,160441.5326,7852563.737,254504447.2,125338987.4,8504411.682,1645869.135,9923414.26,6058290.353,184452446.2,73676547.73,2598843.581,NA,NA,100677597.4,5118148.311,673941.1009,1854864.725,7822740.155,1134593.043,71315.45386,12087.10289,NA,151891.4798,778318.3605,57680.13425,689.703741,8143.055074,7334.838196,214387.0595,892276.8857,52973.41462,14709.06738,64972.61217,35950.87297,1184304.671,10617338.65,526034.7969,66106.96062,160034.4318,756724.2899,22373317.51,1893326.15,241752.0256,671425.4447,3003661.458,1592147.768,566.5829961
39,q5 bay 1 c,139823163.8,5469842.162,23770.39037,1954.738136,2465451066,91091435.32,397407.2263,NA,7189732.434,193040.4995,5296.69978,NA,1533966.537,64519.64377,NA,123063.6524,5048101.694,167876007.9,153333140.2,10514394.25,2181407.286,14598273.76,7097592.807,217550480.2,53039302.79,1857126.949,NA,NA,109575090.1,5669081.657,1057978.088,2427192.355,10422967.09,1446796.71,70402.31321,16472.4623,4473.816947,222450.4616,989923.9076,68466.52934,749.1761378,12603.43773,7597.912974,261487.2101,1161083.113,71596.87894,11497.9055,99198.14175,47190.50893,1507331.419,12480607.76,614082.6482,86207.99972,196584.2188,955721.4703,28035316.4,2306143.77,335031.6272,861904.9651,3810132.912,1874979.693,232.0710344
40,q5 bay 2 a,61018146.64,2501141.476,791.8992858,2416.854625,1344331864,49549103.94,98920.21274,NA,5806339.795,167831.6595,891.5378387,3575.15687,3031279.773,102568.4036,430.9289845,175931.5335,7852426.924,254378342.8,132496033.5,8787418.808,1866590.462,9587716.891,5996016.533,185997292,46438526.29,1612488.139,680.3415858,NA,97530454.21,4959645.025,706118.0391,2456693.493,7178730.358,1072403.725,110779.4648,21384.46263,3895.790696,264633.7677,779587.3513,56213.03704,1191.466352,12665.74286,11189.408,323671.9982,1002058.852,62618.11891,17676.29171,64339.37938,42143.66103,1288204.469,10368706.01,542060.3416,58587.91525,204837.0591,650997.8046,19491143.77,1643629.376,229954.9385,640418.9653,2783179.144,1415294.119,207.4294583
41,q5 bay 2 b,119918974.3,4705035.995,11112.57719,3098.291759,1920627745,70555526.63,124105.097,NA,6173123.589,175800.6483,2076.49754,3685.213109,2067134.411,72366.00899,NA,200859.5195,8541880.708,278952496.7,137853849.9,9258987.217,1907255.702,10224519.64,5959322.73,187376893.9,49491538.11,1744844.41,846.7096621,NA,100431685.6,5077513.527,744776.1018,2324133.927,7344399.826,1053171.56,54707.16378,19406.639,7707.308791,274967.8462,1076932.281,71286.56542,1078.584998,13084.53642,9793.407673,345930.6455,1204049.793,74063.85458,18589.8502,82740.4085,44929.64264,1526178.977,11457595.91,578441.6644,66631.24889,207263.3091,666439.0528,25507347.93,2134454.856,287683.6234,834372.0491,3477276.984,1840014.056,253.9271211
42,q5 bay 2 c,99764895.66,3928378.745,4506.355075,501.9830761,3290041094,121540914.6,219092.3611,NA,7560009.057,229372.9278,1067.182852,2533.868657,2307351.455,76728.4807,NA,172824.2707,6775976.01,223627839.6,121896561.9,8212156.758,1653335.197,8638945.454,5621547.287,173432546.5,61611044.86,2131390.006,930.4473634,NA,97466952.95,4913336.302,598997.7815,2084937.356,6625115.38,1061201.183,75852.9461,18734.01617,4394.628723,256333.9426,894773.1475,64132.83173,556.501957,10117.51748,11281.09544,287538.4594,914696.0369,55120.54296,17279.38562,57874.82635,34963.96174,1144728.584,9702792.259,480684.0317,44074.25755,159591.4035,555249.9856,21086599.27,1772808.268,226129.5689,635214.0917,2880959.612,1482422.247,461.3477103
43,q5 bay 3 a,70358605.96,2839362.311,974.3990063,14836.80007,1652335525,61624324.54,86791.07545,NA,6610893.303,167873.8205,NA,4706.225608,2524169.523,94498.17413,1034.249235,202323.1972,9625485.668,310546355.1,146116745.7,9963917.168,2158300.013,9376129.329,6652401.598,214656267.4,49187356.57,1708621.131,NA,NA,110053022.2,5524792.598,651607.3266,2590165.64,6691646.593,1570446.891,112972.8378,14392.55123,4596.345337,275198.3796,1680962.718,115467.9426,1694.319555,18945.83287,12745.11863,483325.8236,1119507.171,69934.82153,14751.71039,62747.23506,48565.5007,1488952.03,13882848.67,692248.2764,56702.52568,257796.9998,712464.7403,21458501.69,1800791.737,250777.0995,651266.8714,3282922.536,1513891.251,NA
44,q5 bay 3 b,92273006.06,3710111.355,11279.14181,3801.051416,2969392314,109950091.9,308053.5925,NA,6544570.741,178424.8255,2344.236918,3867.940315,2355672.02,80452.91697,NA,227622.287,8631010.979,283265577.4,141768628.9,9493367.986,2262974.577,9652814.972,6425142.22,197641744.6,50001019.39,1705425.822,NA,NA,106202419.4,5372265.137,641194.6095,2429103.493,6553880.353,1651731.082,129576.5415,19220.29971,3426.060276,271922.6445,1276224.499,87801.53732,2839.756624,17651.80739,10536.1481,455600.9901,1299176.554,79889.65529,15699.97467,74844.01882,52161.60684,1615041.043,14776186,738657.6569,66025.0572,262611.1291,736492.9092,22432665.33,1878200.152,279718.3245,676586.1279,3404211.522,1557321.025,173.6843028
45,q5 bay 3 c,72099701.11,2899912.474,3126.647222,6622.098455,1672141808,61770440.98,54391.68763,NA,6461523.586,206719.1078,NA,2034.432775,2672654.345,97243.1682,NA,243906.0735,9600485.859,314096856.8,146108438.8,9614568.048,2301573.975,9495037.899,6516968.387,207614170.7,52128333.37,1782966.068,NA,NA,108095910.8,5558673.806,685674.7276,2516500.106,6752844.521,1497396.965,154670.892,16501.38457,2509.494962,290932.9425,1094072.23,75670.64887,2112.943675,17663.71897,13920.46498,481691.5067,1155129.338,68107.43446,18885.27564,66917.52422,45889.29332,1521068.947,13791302.42,709323.2058,67194.7155,261620.1869,723101.7995,19262103.23,1623964.619,244631.9136,599343.1423,3012062.204,1363798.3,119.2573196
46,q5 bay 4 a,115369054.5,4679864.057,24699.68077,6272.332089,1947310328,71144053.34,279117.7109,9376.197115,7763324.496,259102.4716,2237.06499,3302.260746,2230548.159,55010.74428,NA,264676.3877,11139237.95,366261524.2,134780222.7,9084947.695,2368370.959,7575574.284,7792022.297,242258745.9,58796784.88,2026820.556,2457.272183,NA,117374596,6018260.849,584354.2649,3214397.359,6123576.446,1460762.636,116956.4187,15338.5651,7154.866891,303416.2821,1568982.607,102988.3058,4486.291674,17314.25156,18995.06882,658533.8345,1158995.33,67969.66279,18500.16034,59333.14595,58429.66449,1778046.158,20296204.22,1002006.847,56039.66394,361147.1672,717817.212,22569381.72,1901491.181,298832.0831,772325.9911,3788053.698,1977087.394,73.66464092
47,q5 bay 4 b,297026297.8,11915620.05,9203.209768,1640.261715,16685341453,616591395.3,2542817.888,NA,25646661.24,947420.7153,6886.89927,1139.154973,6399310.591,338930.2442,NA,259337.4794,10957598.71,361089454.2,188586989,12261075.64,3251175.987,10768176.29,9314660.729,279977394.5,168206896.5,6123239.561,17626.81087,NA,207553842.3,10292448.48,802273.305,3530269.059,7356215.667,3076014.423,196027.9471,22931.84251,5398.018867,401648.2651,2575657.004,167645.1386,8647.980752,39273.95633,33208.7826,938330.2331,2018452.972,120210.4102,32257.76583,99808.41545,81502.76119,2646747.589,22496261.29,1101363.172,87238.22769,491255.9245,1025825.1,48586496.4,4035308.214,370713.6876,1189216.881,4991089.617,3180038.478,1226.116876
48,q5 bay 4 c,73026506.48,2972790.31,3617.545164,3868.479479,1311967645,48838535.84,83010.93982,4215.47295,6663198.342,188838.2929,NA,NA,2039217.543,56671.67646,NA,189108.4811,9559256.226,319475697.1,126479830.2,8387059.472,2112836.145,7575465.5,6882739.391,220495157.2,54418365.81,1856078.91,NA,NA,107655467.1,5326838.72,580828.3948,2961836.872,5964690.732,1340339.825,108429.5509,9486.162075,3343.176391,303676.0275,1048199.017,72791.83581,2365.207983,16288.10619,20025.63859,624323.5441,978028.3991,54015.36714,18377.12862,49627.48932,47922.08711,1561181.191,14814743.26,723842.4924,63890.01707,344904.526,716701.6352,19393531.81,1639758.934,259356.4597,686397.4161,3283428.906,1762933.271,531.6548058