filename,id,2HG_M0,2HG_M1,2HG_M2,2HG_M3,2HG_M4,2HG_M5,2OG_M0,2OG_M1,2OG_M2,2OG_M3,2OG_M4,2OG_M5,alanine_M0,alanine_M1,alanine_M2,alanine_M3,aspartate_M0,aspartate_M1,aspartate_M2,aspartate_M3,aspartate_M4,citrate_M0,citrate_M1,citrate_M2,citrate_M3,citrate_M4,citrate_M5,citrate_M6,glutamate_M0,glutamate_M1,glutamate_M2,glutamate_M3,glutamate_M4,glutamate_M5,glutamine_M0,glutamine_M1,glutamine_M2,glutamine_M3,glutamine_M4,glutamine_M5,lactate_M0,lactate_M1,lactate_M2,lactate_M3,malate_M0,malate_M1,malate_M2,malate_M3,malate_M4,pyruvate_M0,pyruvate_M1,pyruvate_M2,pyruvate_M3,serine_M0,serine_M1,serine_M2,serine_M3,succinate_M0,succinate_M1,succinate_M2,succinate_M3,succinate_M4
1,glc2 21% 1 a,2122932.572,144804.4035,57119.44927,2094.059821,6594.647171,9968.326498,3972790.01,278421.8852,366346.2942,21505.1113,29060.58787,10165.56141,3011284.518,183295.4595,374824.9591,3179.609051,45027466.74,2709721.778,4247552.639,181224.9761,77849.62832,24997281.42,2336904.106,6483417.736,429946.7943,619287.374,24941.11175,591.598895,190056649.3,13583203.34,17051175.49,1195413.351,1353249.21,25461.0686,528137036.3,34150119.27,615882.1126,0,0,21993.82865,1726109376,65396040.75,50510640.15,476781.3116,44052206.33,2614064.452,4559407.868,191861.1927,98024.48775,81185319.86,3692371.143,19054710.94,323049.7603,30745839.84,1251197.564,686165.8082,7874.121609,1243120.476,82616.00314,40907.42903,0,0
2,glc2 21% 1 b,1781864.008,128436.7279,54970.99929,484.9168143,6655.584466,4765.009614,3593374.496,256562.5124,371906.9143,21595.74535,28159.93444,14655.29471,1723420.894,88004.65707,318798.529,3655.003366,38873324.03,2330906.193,4081641.823,178633.2114,95502.56754,23163413.33,2256501.955,6412512.677,441225.8086,632115.3928,33191.25536,607.77503,172178126.6,12507014.44,16313854.99,1118340.105,1232952.795,6378.388358,377923949.7,23692750.41,411166.2683,0,0,24457.57736,666096822.9,26175225.18,43203108.22,760820.9975,39001992.6,2364115.01,4336335.514,187690.3899,106034.7236,43435744.15,2044448.141,11962481.37,186131.9576,19602912.68,820055.9569,691259.4436,11489.95067,1294842.223,59809.54872,39386.74198,0,0
3,glc2 21% 1 c,2160663.89,152609.0505,48905.73306,2005.951236,1937.13617,6309.41268,3508790.817,250448.1931,340664.4542,18876.12999,28192.12521,0,1830805.318,115388.6858,327263.5868,4186.881713,37825294.73,2226712.139,3704444.333,176249.7361,79639.30305,23709606.85,2298220.79,6217302.106,422312.4815,611029.4986,26840.27962,1080.768122,163100222.4,11932407.09,15589035.14,970402.6075,1259471.188,16858.69162,429110168.3,27762634.19,550389.8903,0,0,26508.028,817756655.6,32002660.55,43498575.43,542712.5747,39345738.16,2389458.184,3989704.421,174050.2148,90950.08743,54068925.85,2644557.661,14215683.99,221971.7802,23218246.83,975496.2002,667772.7099,4923.547176,958394.6526,51962.82232,39964.22083,0,0
4,glc6 21% 1 a,2174848.084,157947.4566,109905.1285,19008.85099,20038.5484,22685.14608,4042007.492,286349.5766,658775.2278,103966.2823,104042.9798,75830.94537,1593832.286,1545.584675,26117.83971,979930.819,45305292.76,2791845.175,3906323.38,7754926.117,623514.0921,23191714.38,2334384.998,13285232.84,3170392.524,1539343.009,2588041.456,166548.6923,197696614.9,14995212.56,32598016.25,5396894.647,4858810.126,2631913.86,495154070.6,31493903.13,627689.3896,0,0,10484.61736,555555788.4,20880948.08,3758120.499,123838203.9,42718535.63,2626081.531,3771136.75,7044604.833,626975.9522,35690329.42,1444139.808,830155.8611,31978546.32,18192843.19,592692.6104,124909.5797,1940303.661,1156952.914,80320.63966,98223.41201,4176.752084,0
5,glc6 21% 1 b,2014604.553,149289.4877,111263.1751,21539.77086,23934.64181,29101.04137,3805270.34,284417.6362,639825.7916,111416.1022,97793.74698,74486.06634,1307358.357,637.7403929,24752.1738,937422.1639,43111270.2,2723568.48,3870086.237,7431340.783,615832.9046,23786862.02,2397644.361,13462944.77,3214526.676,1557692.037,2601191.001,173736.8757,187399920.6,13847834.32,31797159.74,4928077.364,4671498.244,2724443.301,439334330,28481542.04,534328.184,0,0,20256.9082,527385454.5,20090590.71,3445635.932,112394278.4,40865593.78,2566745.461,3798188.18,6976176.882,605320.2863,26279940.44,1085137.635,537248.3346,21993021.78,17341941.93,596615.3585,125196.1925,1893940.027,1317793.376,79391.69594,107683.516,4571.120814,0
6,glc6 21% 1 c,2152800.454,153230.3919,99264.84286,18601.55476,18738.17621,21019.85102,3720108.014,263444.5568,606092.5555,94106.55047,86900.8841,59793.50773,2615614.473,18962.60332,16271.37967,822191.0209,44215464.8,2621040.384,3337614.678,6694759.326,525044.9914,24512965.72,2428943.222,12236066.07,3053254.958,1374998.776,2352631.033,144465.1658,179632450.9,13232385.2,28331519.08,4757143.394,3958999.153,2228581.496,389712904.4,25174602.22,504005.5918,0,663.6168646,22410.39436,1597295636,60669790.85,3288788.701,95593188.46,40171654.78,2439762.819,3290025.92,6398171.291,533923.7514,38026141.47,1522191.222,416372.8739,17510957.1,29939560.21,1032343.493,103907.0744,1535310.167,1157346.462,51095.32099,83517.44067,0,0
7,q5 21% 1 a,1936024.909,137048.6214,8735.104892,75472.83791,28939.90011,797521.2164,1227388.021,103061.5628,92034.19637,491926.351,142321.2432,4775701.807,2477056.9,138747.3183,0,7954.035281,31166955.21,2027194.864,2319356.788,2683936.464,17424768.12,25887992.71,2368977.903,1883767.637,2280709.929,9898640.69,4019185.26,51109.03135,49033199.11,4643290.354,3721226.514,23053496.51,6606479.887,220761450.1,2455249.833,32200.06131,360.5593176,137596.6876,19979533.69,705808094.6,1031273169,38816109.28,231844.5785,179852.0875,36427422.44,2349275.958,2515277.328,2773409.457,19931838.79,48475125.88,1945461.205,0,76067.81537,26593224.71,938192.8278,4523.609929,0,1342539.775,63694.07027,71333.49031,1981.512306,0
8,q5 21% 1 b,1517879.755,122010.3944,2543.565492,24546.30521,21585.46183,596781.7209,1227649.644,76207.30049,57545.50053,153739.9529,95739.63518,3300544.918,1218656.187,66105.22737,0,1506.277074,36638577.2,1918660.458,456829.9509,2516017.358,3680748.244,25428812.33,2164250.351,540009.2158,1493648.208,2232051.471,5095335.666,49674.7384,54103276.07,3757817.165,2102722.372,6763669.274,4343848.753,149945480.9,715919.3822,0,1732.119937,80766.23019,16119459.73,557290345.9,520405319.2,20075932.08,1652.435806,265530.5885,27901802.79,1453240.565,320645.972,1697814.294,3219254.862,27850632.39,1137622.395,0,1970.450027,18882459.07,707165.7882,0,0,868180.2759,32744.74914,6270.630543,0,0
9,q5 21% 1 c,1655369.245,122369.4077,10120.16393,73661.22674,27270.10393,750233.0896,1092504.718,90808.91076,94760.99568,475357.3841,138807.6673,4710155.068,1741050.558,98286.12625,0,4895.054538,29160609.48,1933332.943,2303329.401,2560311.624,16838708.82,24553424.62,2279751.453,1468440.669,2188208.408,9472591.482,3903209.19,48011.81041,46740617.1,4843822.587,3676739.477,22532414.61,6688855.881,212555987.1,1581212.325,10380.06441,0,139337.4803,18086746.32,651436781.7,659939404.1,24642056.38,109551.2642,194530.5071,30488585.03,2009326.493,2402522.988,2653801.264,18670462.79,61573101.14,2478777.26,0,75402.64236,21835998.7,759306.2054,2160.912345,0,975418.9827,40676.77053,57132.46795,4169.166085,0
10,lac3 21% 1 a,2247846.993,159095.3803,121382.3598,25465.30415,13840.19615,0,3068215.742,208811.6865,635825.5361,83770.5989,79223.33191,72340.87588,1250474.565,73944.67103,9242.854012,617881.167,31316838.8,1681387.76,1002402.946,3978929.792,171366.4686,25949614.69,2292945.845,9208919.855,2263935.364,965658.6939,1736108.58,40106.71012,137258680.8,9892915.658,28173025.02,3886052.145,3348796.852,2404754.367,487803117.8,31608927.99,603522.9088,0,342.3436809,1435154.134,716800820.7,26875048.69,12810401.36,645403443.5,33608042.29,1796277.066,1108027.261,3830837.615,155588.1598,22928027.42,966612.3378,265698.0803,18512611.9,23402344.64,854227.9392,11247.45151,178935.3632,986867.36,30766.40513,59800.04448,0,0
11,lac3 21% 1 b,2494153.635,182710.7276,95982.34739,15539.06434,1954.2343,1981.803134,4111281.485,298122.5657,631582.3883,91196.99948,69947.32929,57465.43094,2213737.322,129837.8736,8865.459011,742353.7954,37875518.29,2298995.08,2551954.355,3569341.104,301297.7063,28847513.96,2702568.169,12159437.27,2728442.929,1217222.908,1615944.678,80978.93296,177225129.1,13256848.89,27620507.18,3838678.182,2990025.702,1668526.141,491206267,31411174.08,587323.4871,0,1135.859033,1190833.258,1349608111,50413736.37,13124328.35,652951684,50824058.13,3072514.568,3565232.921,4735980.544,411514.6628,60858453.99,2472634.851,652225.931,35430651.52,28800057.07,1077453.386,11628.50893,105407.0125,1478598.549,75517.32107,52976.32776,0,0
12,lac3 21% 1 c,2412915.74,172423.0209,91268.16169,13076.14616,13180.346,22838.53033,3726817.268,270002.0738,573282.3793,77343.58995,56166.30068,44715.00908,1661254.873,107413.1724,8679.320745,688732.1722,36272225.62,2153855.709,2508970.421,3783496.073,308090.7205,27470461.62,2570109.422,11454002.86,2551006.889,1134486.751,1465072.826,78525.11222,174568333,12915191.9,26711369.95,3913230.824,2887617.37,1715488.802,376265659.8,24035736.11,471857.6291,0,0,713384.8638,958725837.8,35764888.28,8847366.397,427815549.2,43806157.99,2598437.008,3028497.229,4344339.327,344590.5973,28376781.92,1231091.485,174506.2558,14652385.98,22994144.26,863091.7818,10875.64487,122647.2898,1496445.873,44459.95712,69686.00771,6224.752099,0
13,glc2 0.5% 1 a,2063327.365,137956.6382,67542.304,1430.171039,0,8139.744089,3007722.815,197626.2477,343276.7429,20735.92502,30008.7391,7356.164122,974853.2213,64619.74417,163798.9716,2165.338594,35676081.87,2005215.312,3866861.494,115781.9495,25580.92435,25702453.91,2335582.328,5375384.66,396466.6283,561978.4647,114204.1603,180.201521,133318195.6,9371580.774,15328856.64,733195.0482,1376168.825,12443.51462,272489675.7,17602099.89,314438.1713,0,0,32771.8784,582939469.8,22716447.79,34166984.74,791355.5615,31567237.46,1701106.935,3034924.308,103341.8595,17046.12238,15933563.66,835990.9217,3952385.667,43142.62922,18741597.52,780851.1944,760088.6413,10602.63476,960187.0826,84365.42763,11964.61261,0,0
14,glc2 0.5% 1 b,2088927.551,147931.7334,59405.08371,0,8956.954526,12826.85823,2852532.359,180066.278,330894.1016,12530.22302,29111.21355,17496.8569,1078811.39,59933.94111,153412.6658,573.46374,36170633.24,2004194.793,3749316.398,128444.8522,20221.50591,28112798.71,2513995.864,5935020.591,384431.8145,568182.7698,62155.75388,0,132406733.4,9360867.523,15118893.78,683724.8022,1299540.534,7130.869456,262943681.1,16998304.03,304326.2265,0,0,26482.95701,728320765.6,27716349.37,35188778.61,1852828.814,30891165.71,1683189.474,3035256.635,97009.42701,7359.093969,17469521.84,874184.1764,3580009.385,22684.15281,19293231.18,813799.1162,763494.4774,7215.951136,1129725.297,60623.104,16476.45165,0,0
15,glc2 0.5% 1 c,2065089.304,148241.7831,55496.31255,0,4289.431379,5919.026839,2607138.021,168725.0687,308997.1954,12371.58146,23334.33601,0,1047070.536,61209.3483,143793.5689,576.8498027,36067635.97,1966124.128,3823246.346,105568.2256,17476.93985,28092191.5,2512924.487,5903776.436,361698.3883,557802.42,53761.87379,45.54976472,128834313.5,9078206.648,14570741.27,691878.7929,1217632.198,16558.2078,250495244.1,16065093.92,269277.5179,0,0,117741.6892,622051451.5,23970524.1,31586108.68,649717.8596,30288894.48,1665539.291,2727512.819,89133.32511,9980.133229,17848006.47,850960.3792,3373479.892,30571.40019,20627149.08,857327.28,739807.5734,8025.420216,1148180.286,41425.62369,26372.37843,0,0
16,glc6 0.5% 1 a,2275681.615,158082.4224,111712.6507,22482.35384,20490.70713,28675.41653,3102672.744,211298.5121,606156.8909,118754.8702,96561.80999,82286.33364,1347963.23,696.48431,8878.465913,552382.6645,40564569.1,2180389.634,1681755.848,9446622.049,290892.8688,23692941.1,2132889.695,7835845.646,2737046.886,688492.4434,2113119.501,49646.19507,146551855,10560785.99,28141611.32,5475790.713,4519256.208,3046997.686,267448856.3,17193023.41,360600.7985,0,720.5809823,45276.56785,955378547.4,36031302.69,2844844.819,86926948.67,30537004.9,1632622.687,1261620.182,6366517.46,213229.8263,21164133.14,957271.0081,183235.3279,9617402.232,20322423.38,754991.3223,103301.9811,1863126.906,1236640.128,47221.8227,36885.69505,0,0
17,glc6 0.5% 1 b,2329142.801,157142.3056,105693.1414,19734.17838,19691.65855,4736.375851,3171897.868,217938.3894,626476.3795,117783.3264,100725.9352,83233.54289,794963.2547,0,7857.698208,472640.5113,37306236.48,2009121.3,1602817.911,8755126.574,296098.6856,23896450.9,2163156.846,8503933.481,3191107.156,752840.2579,2294279.276,54281.87492,142188651.9,10220510.41,27980947.16,5508040.801,4405117.685,2902210.027,265502819.7,17019816.08,319268.7601,0,0,23360.02517,522196533.8,19807440.14,2637838.209,88156288.44,32681085.53,1734326.63,1348257.67,6470758.605,224963.2239,12861956.84,558807.1456,175042.7456,9940880.468,16267520.86,595320.4792,126251.2663,1996268.44,1005859.143,55514.49553,48645.61645,0,0
18,glc6 0.5% 1 c,2051549.604,139820.1502,67415.8373,13564.23079,13349.52761,13380.76746,2339549.931,153269.9397,422338.4295,86942.1342,58657.79274,56975.80174,826055.4005,2547.473637,4455.813098,290864.6998,29317810.03,1616281.247,1129052.313,6267361.788,176365.9402,20029597.14,1773793.642,5364002.436,2179548.204,438835.7739,1352019.879,25263.39343,108383305.4,7560667.531,20171184.77,4180371.603,2871121.09,1972612.099,193151917.3,12371998.01,250882.5725,0,0,48172.23413,398258035,15197847.46,1783020.576,59114510.58,25077997.42,1311986.003,908282.8091,4531190.237,146882.5235,11708608.99,547089.9071,95772.62977,7538865.96,19081365.08,752531.4567,92701.81708,1600153.188,1399302.807,59363.6337,39104.89386,0,0
19,q5 0.5% 1 a,1903802.683,116839.9119,2708.171316,30494.22349,22773.78944,663355.111,1253496.973,79332.65192,65231.05949,159401.7089,102727.3823,3484555.366,1603961.639,100443.8112,0,926.7695502,39258804.43,2031348.875,546072.7163,2864300.151,4015416.764,26351059.26,2156723.975,640006.2131,1520066.414,1910068.195,4973215.339,51001.46367,56620028.26,3788999.714,2225872.433,7577398.216,4867125.029,162258531.2,2892207.308,55431.97387,269.7214916,100051.3725,16315575.4,577113091,675186706.5,25601095.34,23836.66311,392299.4979,30423622.65,1639266.019,352723.7166,1965316.763,3401339.424,25823944.4,1059930.086,0,2645.871568,25876654.73,880955.4286,1497.694977,0,940545.3523,33461.40482,2458.538947,0,0
20,q5 0.5% 1 b,1992238.445,140859.2752,10093.9126,96814.37525,28251.56252,879900.3206,1447737.291,122651.2352,105431.5504,583449.8133,175337.6166,5677906.31,3141378.552,188844.871,0,10045.20481,38338549.62,2529473.475,2897159.791,3154289.784,20793209.21,29926318.88,2828479.108,1881204.749,2793513.115,12219101.48,4916176.842,61340.97544,56750737.71,5841530.284,4456286.081,26588239.48,7432463.152,247909287.4,3270963.623,69727.42063,0,154868.546,23011039.21,803961639.1,1566887783,59058225.02,304764.8688,296933.8047,38722859.37,2524299.73,3106226.161,3336796.522,23872087.62,84393725.47,3419514.712,0,104831.3046,34257118.19,1202734.116,5054.473991,0,1246813.088,94723.83242,74197.39802,3915.59291,0
21,q5 0.5% 1 c,1402363.045,100906.8811,2944.162043,18800.36118,25064.81019,506273.419,1145599.989,70977.06984,40618.81819,130080.4934,81847.69047,2883850.589,1982282.154,110878.0411,0,1505.524533,41176410.29,2185164.43,443192.207,2217809.552,3536517.109,30049361.73,2538612.682,428048.1977,1554576.843,2408905.427,5372225.168,44123.28966,55602045.53,3768188.086,1994751.588,6274241.26,4315824.945,141640453.7,15992862.08,516566.7726,237.6003721,226315.3637,32935868.41,1128914244,620019832.9,22947613.36,519861.6262,24848620.73,23675678.42,1218595.411,270534.0926,1437324.411,2809385.161,59039418.26,2390761.69,0,544335.9108,33813894.13,1222781.016,0,0,940945.7004,35002.64766,0,0,0
22,lac3 0.5% 1 a,2757295.4,210015.5657,115880.6456,20406.09634,14937.02272,39014.14035,4409217.914,317727.4716,643126.4595,105473.3844,75866.70066,157805.8448,2373119.461,121119.4154,7700.616569,809313.5934,42426520.44,2525625.083,2856182.856,4230110.186,756477.9649,31078002.86,2886636.697,13188123.11,2949349.66,1607157.435,1873180.198,91898.95785,199074292.8,15316244.51,30572254.23,4898200.038,3302357.465,7381788.192,447089615.6,28892218.13,557604.0616,0,163030.7243,11604794.25,1379364310,51745602.02,10974463.71,530871454.9,54211263.75,3243414.607,3691152.11,5074230.763,849017.3824,38051439,1646837.663,241019.7409,17130579.15,28848594.1,1092967.06,6819.512213,130415.5721,1819991.297,85651.24117,78559.75724,4235.686484,0
23,lac3 0.5% 1 b,2338306.159,162617.4215,118159.7801,17020.68444,17451.05677,29449.61489,3054131.141,215713.3095,631798.7724,89380.60331,77007.15561,75856.56879,2162835.717,119466.4677,3464.934542,491524.0722,32898214.41,1766605.668,973307.1668,4030705.076,158775.6987,26623742.41,2374997.514,9543850.344,2424344.715,727435.9909,1761951.923,42931.68255,140081107.1,10010382.05,29021781.8,4228145.149,3453726.969,2565780.681,482276625.1,31039085.31,541382.6536,0,470.5662296,1007030.728,1787743672,66188189.94,12938470.95,626032029.3,31711467.1,1730203.792,1113235.852,3842281.637,163147.0988,31373954.49,1308194.396,236785.5205,16196925.74,37273868.17,1416065.744,12896.06905,148932.0503,1111009.984,55022.65988,32743.26156,0,0
24,lac3 0.5% 1 c,2015584.901,153836.4366,93122.40605,21676.99339,16920.6411,0,2550078.089,169639.507,555441.5932,87682.83521,71671.92355,75123.85209,3667079.773,189814.193,6320.37018,525320.853,41502615.19,2159085.341,877649.6199,3604878.712,146070.0617,30815971.16,2684694.996,9845410.245,2674629.503,684761.517,1856087.076,34634.24995,124935626.6,8612264.1,25399284.92,3837524.808,3056932.85,2311686.119,1556294888,99256705.99,1683352.451,0,0,3094334.283,1238036853,45731602.41,59439373.5,2992448721,26319374.48,1422500.138,956883.9819,3332179.158,140996.9322,109757685.5,4334176.516,1406649.387,81524227.51,54447462.58,2019005.792,15674.91004,159931.8617,700181.5305,34887.27257,20203.29544,0,262456.9143
25,glc2 21% 2 a,2825857.979,196172.3999,119785.317,7445.600488,17293.85833,11092.19859,6637783.908,501485.2034,761297.8542,57218.23762,77190.84542,0,1871422.118,90651.89363,549909.4409,10521.16035,52711684.08,3287632.58,6833878.252,348162.7643,194236.8725,35165805.49,3644043.435,14749304.54,1116672.893,1803237.253,195044.4503,13506.78964,226714720.7,16811168.55,25670190.57,1971475.401,2512857.133,55535.62099,360027034.8,23098402.5,460622.0437,0,0,23344.00332,676835825.7,27801921.2,78864674.3,1558632.132,53981498.35,3402693.556,6984852.486,350205.564,182829.5838,30783118.94,1614901.247,12219836.79,229543.4951,20439721.43,809172.1714,1149025.865,20298.69394,1264097.633,49174.52317,54915.00681,0,0
26,glc2 21% 2 b,2868951.33,194765.5043,147244.3704,7964.938935,13149.96243,10340.73702,7174631.287,535442.5988,881101.5702,65402.57333,87323.83311,19766.50577,2037058.512,112030.1524,536651.3068,10479.31521,53012203,3296209.363,6934117.195,391603.8882,191483.8626,42232605.88,4365017.817,17237463.83,1299140.937,2134729.334,167111.9846,17143.2056,230680804.5,17338933.25,27553311.55,2021046.017,2642383.209,76988.12369,371072889.5,23522999.39,464397.2239,0,0,4593.699106,1043287143,42340642.92,91457857.23,1726576.542,62578821.66,3888135.037,7535777.676,410991.5611,217032.9696,36000630.79,1922069.165,12246213.9,197834.8393,18636876.09,811451.5194,1037580.579,12140.70274,1273351.885,83850.15914,79087.99219,1225.616131,0
27,glc2 21% 2 c,2841680.648,209155.3982,121102.154,4092.11148,19907.48043,11229.1318,6536168.275,494224.3504,769509.0228,56685.41005,75254.83868,2186.193796,2269074.638,112009.9354,549454.8673,8885.518827,54769470.64,3408596.705,7090395.513,340606.784,210020.4617,45247780.48,4580950.986,18538036.79,1385422.92,2287928.397,153838.6546,15368.00228,228250500.5,17212256.87,26203810.52,1991789.105,2535346.193,48821.8797,355337185.5,22915801.76,443556.2722,0,0,32614.99821,1161080535,45671925.67,84860075.8,1248969.255,53922571.39,3346780.919,6962881.825,360714.4065,196099.9848,42555793.37,2048567.995,11399257.41,176116.1232,21612021.5,970770.725,1086985.006,9905.281626,1039092.069,56300.12499,55300.65928,0,0
28,glc6 21% 2 a,3534483.645,222049.6428,229424.4981,36012.74825,40374.96327,44235.75297,6426432.351,477255.0861,1335193.176,215207.5463,252890.4104,163800.4014,2288157.766,7958.868584,36501.06122,1406791.539,51748025.49,3190549.163,5681694.431,10538283.58,1104946.023,32909652.26,3505255.797,28306486.09,5096829.671,3991200.083,6735970.198,607366.1775,216953038.6,16423232.61,44035804.59,7071364.072,8039822.593,4616154.511,366121296.4,23673125.13,466724.0444,0,0,107503.1365,1264561668,47425650.74,6294334.028,197146073.5,58660545.49,3555393.294,5827679.532,10375224.96,1125283.876,30599389.09,1320428.073,635045.1601,24973161.84,23682422.93,783875.9862,173608.0834,2569673.045,1392890.988,61964.7725,128714.3137,9134.121901,0
29,glc6 21% 2 b,3071460.056,215551.9056,203257.8391,33418.59888,36140.30552,38603.69756,6139888.115,458494.2337,1271921.831,201383.1172,225535.8347,161675.6406,2709522.649,4976.796142,30706.58643,1216158.24,50520232.69,3122390.584,5322520.403,9808152.643,999166.9856,30770169.78,3167584.525,24658409.73,4651577.17,3517198.7,5759276.129,531510.3159,201382779.5,15242380.76,40426782.87,6485626.2,7436557.199,4301550.706,379538250.8,24006065.01,472591.3664,0,296.2744885,18916.61948,1624090249,60239900.32,6254215.85,190734825,53522961.88,3292847.728,5588387.961,9818239.994,1098375.871,45893394.84,1968033.452,829965.1959,34154214.79,28517846.42,940647.8898,150367.432,2389635.271,1170558.951,78422.99908,109266.0039,3256.743354,0
30,glc6 21% 2 c,2767291.119,193451.8991,234618.1617,41968.19079,47421.35658,44531.24008,6433847.151,493800.0084,1424263.94,224405.5278,264774.4853,172551.1256,1388547.028,6052.110443,40084.05101,1423363.429,50899437.56,3204070.908,6169528.304,10943684.85,1173332.537,29611983.57,3249365.974,28011367.57,5113213.168,4033629.128,6649193.472,618268.5231,219488535.7,16635995.4,45739996.95,7354801.093,8678154.93,4664037.92,324166524.5,20649029.5,415181.2135,0,0,16588.59195,444763462.7,16600626.51,5530626.788,182156852.1,53518912.61,3387143.082,6505377.812,11308485.44,1265913.826,12048236.11,574309.3611,408415.8092,17801572.82,16171528.82,582408.8065,186829.7755,2763638.604,866045.8552,88832.00117,151057.7017,10187.58754,0
31,q5 21% 2 a,2118076.403,147006.3245,27328.35669,163018.3515,51663.9975,1465053.369,2024023.982,203140.5334,163919.7965,1002912.492,284817.3967,9402937.591,3252857.442,161938.9278,662.706189,20992.12086,42513550.61,2895447.581,3748452.33,3857836.252,26765075.64,37201942.22,3678646.485,3920327.577,4152923.781,18941333.6,7095601.163,115621.948,64712796.8,6845580.432,5369879.772,31621897.38,9196707.524,294974425.8,1220465.628,15464.55956,297.8716313,134138.6329,20284269.41,701354144.5,1411741531,52525967.15,345434.2113,493765.8209,41676838.86,2885080.969,4029482.186,4027364.186,29559028.21,56761186.71,2353199.01,0,215786.501,28788328.95,897399.3149,1840.874328,621.2576133,927550.1611,54228.23499,91251.65582,7549.395536,0
32,q5 21% 2 b,1899801.821,155800.7115,21092.07097,147211.8312,52726.4221,1361748.247,1858102.282,185608.4141,152506.3077,950906.5917,280400.1769,8802073.601,2752948.963,130313.654,669.956895,11124.08216,41428974.93,2864232.018,3771422.97,3724785.729,26362256.22,37958324.28,3733847.766,3333769.942,4146815.328,19444618.2,6985646.227,79690.7423,62747397.13,6761342.522,5120144.561,31321286.1,9045950.173,281474060.3,2312575.019,18900.29993,671.2636399,106570.2203,21857259.03,763361286.2,903978559.3,34075721.89,228647.2988,1636206.976,37811368.61,2632969.847,3704952.744,3646335.635,27030189.5,55031174.2,2245982.406,0,227529.8284,25115489.47,654141.5408,1442.724936,0,579032.9613,56411.27705,80735.12849,5257.344313,0
33,q5 21% 2 c,1775537.706,130359.0385,19282.6849,131308.6817,38153.76158,1127475.514,1660156.165,165156.3352,148421.4145,820904.9521,230218.6323,7594605.891,2547571.184,122358.082,0,8035.061531,36038968.67,2484476.786,3251205.428,3131003.366,22134288.53,30952457.41,2954819.745,2467318.551,3138497.009,14789287.41,5272693.077,62129.72487,55091025.29,5827537.175,4463661.439,26913082.89,7875423.605,243256606.3,2385514.955,52645.66427,502.8069864,129754.802,19644097.36,690885082,993101994.9,37496087.06,223628.5761,579474.3683,34998411.87,2450018.923,3386053.122,3222283.455,24615625.32,60513972.14,2579669.24,0,192589.9393,28184908.41,764830.5566,1428.632292,0,901981.3751,66874.91525,46583.55841,2208.913567,0
34,lac3 21% 2 a,2933246.622,209275.3309,192050.6737,31546.88836,28052.18243,29391.10622,6076558.23,450660.4258,1032456.353,149145.1802,117832.4026,109426.963,2483383.277,111036.6333,15807.18301,999648.1023,44367096.43,2689032.351,3391402.866,4567436.354,502972.9619,38434183.33,3815524.994,21152776.89,4341963.491,2698490.244,2742203.776,165117.2639,217762475.2,16537004.78,35871769.42,5075354.16,3878309.514,3000512.179,492748957.6,31340728.88,673867.446,0,0,2512277.683,1159060985,43015997.13,12803568.39,637921201.6,53987841.29,3391222.354,4506030.691,5849291.463,610886.6804,34512633.36,1450229.53,407043.8227,26594083.01,27272436.75,872555.4746,12362.43678,196552.6831,858839.7691,64793.8325,84707.82576,0,0
35,lac3 21% 2 b,3156042.425,214125.0909,217917.097,34621.6228,28492.16332,33842.33819,6942108.533,514396.0115,1212370.241,175004.0221,131604.2642,105717.2129,2789208.892,113770.1883,13530.80674,1071078.041,50541729.53,3058169.662,3932396.475,5238596.781,461172.5988,40577180.83,3978364.68,24148234.27,4884574.29,2609430.876,2949616.82,188390.9142,234287906.3,17589775.6,40411838.62,5800033.654,4555102.686,2648120.055,558981710.4,36185513.81,716059.2074,0,0,1258950.237,1450242251,53080604.28,16444667.89,798768944.6,59319852.71,3706382.09,5038413.627,6551300.409,603516.8868,54275638.92,2302704.457,773271.9075,44168182.27,27983644.28,879013.5155,16761.78735,181235.8067,1073466.025,66924.98174,147475.1235,3815.252943,0
36,lac3 21% 2 c,2958664.358,207503.504,191501.9118,30625.14715,28453.21592,17403.29824,6013906.066,455321.9023,1048720.81,156955.1508,114705.2237,82579.34441,1960598.54,101511.0904,13744.32605,1019639.727,45900315.09,2823796.55,3616610.236,5113574.567,443087.7246,36390225.32,3570952.017,21810244.63,4539670.596,2269805.029,2780011.615,176407.1342,227465977.1,17258210.69,37909968.91,5518162.946,4056576.125,2442043.554,509771696.2,32359277,669246.2442,0,0,993398.8069,622173403.3,22907211.77,13809988.93,676042059.5,52251802.13,3272417.771,4548546.572,6059074.994,521834.2305,31246684.54,1368213.306,495817.4484,30813429.33,21509003.85,664370.8963,9682.883424,188309.9617,921022.6203,43904.0946,86704.11956,0,0
37,glc2 0.5% 2 a,2653217.995,182018.0036,117059.0039,2543.253059,10265.25517,8619.32875,4076579.26,268633.3814,521478.123,22316.29499,50095.02731,16099.72707,1604982.021,87338.93274,385960.1586,8509.88998,47998200.64,2632845.968,5285438.568,160368.8314,47949.79926,25023229,2238929.922,6388599.914,492298.5974,717693.875,148816.5779,420.1555872,170587449.3,12285575.93,21125534.9,1092194.086,2098484.87,14080.84033,336980515.8,21583614.2,350040.4051,0,0,125808.8241,473883066.4,19209269.93,63623281.99,1583434.418,36164728.9,1984008.263,3818478.766,128873.8285,26728.97144,18557792.23,937752.4274,8128901.509,124121.364,23436035.59,898378.9417,994498.3592,11766.51032,633566.9523,32535.59256,30278.12565,0,0
38,glc2 0.5% 2 b,2789724.299,191494.0724,105079.3207,3430.824646,4453.158479,15432.62021,3914697.138,281146.0539,501911.9052,24012.95155,48557.69512,0,3405057.745,164562.5522,291307.0939,8585.063761,44522689.32,2443503.474,4524375.858,148780.5119,33587.83031,30029169.55,2670353.382,6738429.451,455444.261,766400.4292,87725.32638,72.34885676,151400083.2,10762315.38,19340967.08,983054.4162,1854314.148,18150.00133,273926728.8,17855384.87,304137.0518,0,0,26816.54264,2274275170,85783162.33,54112592.39,1914455.802,36674988.96,2000532.688,3603068.078,113433.894,30655.00924,36891854.14,1748898.955,5951104.928,60414.3635,40401372.02,1546662.374,755869.3412,9170.686361,728890.7363,36468.00491,13083.38928,0,0
39,glc2 0.5% 2 c,2555379.046,181790.5998,105608.8523,3383.468705,7762.023011,8612.062943,3935811.316,262478.7574,529277.0938,25007.66111,53925.64537,0,1515090.31,76044.38716,335530.8252,7838.317348,45765657.85,2527287.529,5276334.744,173537.0875,45323.54581,30573295.85,2711561.472,7694854.053,493380.0526,860473.2711,76614.49601,106.7922684,157013814.8,11369784.1,20856652.45,1102340.489,2060151.243,6513.545217,316565641.2,20257205.32,355730.8931,0,0,14572.456,650452313.1,26066471.66,57699615.92,1097445.799,33816819.58,1894290.565,3977595.117,134727.5525,32131.76071,20312515.02,1018165.388,6614756.321,67268.11285,23619805.54,946605.2839,975535.2691,10173.00601,462780.9548,37970.37329,21437.51261,0,0
40,glc6 0.5% 2 a,3135960.676,235032.5983,239045.0019,28753.62025,42950.99591,56007.28108,4777613.724,340666.1541,996177.9218,134946.749,176904.4369,151003.7995,3928938.332,84360.48204,29792.87841,1148792.741,54964020.47,2967495.23,2159115.654,11085268.35,417328.9849,29806224.25,2717540.119,12636967.24,2893271.383,1128475.656,3259775.649,100415.4214,183462973.1,12649977.23,38735849.22,5559549.241,6657934.565,4651979,334596630.8,21074870.84,412956.8796,0,0,11811.57358,2725378461,101801226.6,5344956.336,161220865.7,41269545.38,2215776.788,1836391.934,8647335.975,349595.9832,42395027.37,1733936.193,387384.6038,17047114.79,41640488.4,1384732.579,102431.6031,2057772.263,1301537.49,62545.37193,47963.47067,0,0
41,glc6 0.5% 2 b,2833538.04,189537.4077,201633.6927,33110.45535,34126.17919,43440.37483,4522561.62,320083.021,992503.8304,152769.6105,179942.8727,143782.2847,4802502.789,51415.37889,19683.00396,933551.172,53947286.88,2897973.346,2088684.375,10157073.55,397359.1825,31956543.95,2860582.22,14065248.62,3363457.335,1327777.078,3728483.668,126364.604,166020123.7,11749447.99,35963152.89,5686406.094,6212265.335,4410581.999,378864589,24345404.86,488042.5493,0,0,15255.71638,2866193872,107471843.1,5662632.361,163994884.5,38873118.85,2134594.619,1822128.413,8087854.043,345110.784,40773518.79,1752531.049,432587.5211,19465637.84,48939573.4,1560260.617,94079.47518,1824986.473,955363.5335,63957.4495,54216.6891,0,0
42,glc6 0.5% 2 c,2423742.696,169763.8999,141156.0401,24625.89657,26627.05369,31777.41613,3519066.202,239741.7994,746847.443,123888.273,131654.9829,114239.0277,4729973.448,95875.36569,19087.02628,708932.6117,46178316.34,2451147.029,1869046.809,9179479.875,334843.9253,28385142.89,2579156.44,10670587.51,2913650.903,1004913.442,2846027.665,87950.15621,138704482.5,9974534.008,29600279.6,5002742.667,5126013.782,3582326.057,297799083.6,19340546.15,371667.493,0,0,30342.52059,3013038545,112251757.7,3636312.676,107826184.5,31470850.98,1688909.589,1437006.314,6446415.633,263592.6761,45718966.9,1926119.333,356700.8497,16216866.5,50489009.23,1691275.501,94261.47632,1625948.149,981384.9117,78268.90999,43936.90551,0,0
43,q5 0.5% 2 a,2331787.588,155542.0432,16225.36012,45542.13063,36763.84623,1056740.633,1634481.766,102229.5283,80723.32137,208692.4462,148777.2904,5168584.691,2392772.483,88156.25211,0,1886.522481,46018096.86,2375071.053,633157.514,4779527.527,4705603.874,31407934.03,2563204.987,939274.2172,2225201.749,2233166.659,7504893.378,86469.97645,59956288.05,4028938.191,3146572.165,8546690.67,5711303.984,191323722.2,1120825.605,972.9278723,260.3390427,65600.00441,14666432.27,514024022.6,1092726326,40915270.51,87356.67591,79690.14026,37003515.86,1916380.709,464617.9796,3467173.606,4057954.334,32146044.4,1361092.202,0,15440.48341,27452144.35,880373.6793,1504.041815,0,604426.4376,32960.56377,6626.307895,0,0
44,q5 0.5% 2 b,2116898.424,114503.718,9402.367977,47449.758,41714.66609,1053219.091,1897363.876,125523.2588,98410.50124,287257.5752,166083.7338,5686644.174,2374845.308,118023.0418,994.9822106,5994.252256,45822393.78,2443810.611,762693.525,4436428.925,4995587.48,32232307.95,2677604.427,749345.5072,2397206.423,2688809.799,8267211.014,99841.70743,64154219.93,4345301.435,3164994.895,9403476.499,5696355.507,190916482.8,1058381.407,1206.681509,277.1892702,55589.00363,13481895.3,469316334.1,1399411863,52386462.15,265599.0274,5687.165048,36535793.51,1916151.938,553069.712,3467095.074,4879221.806,40332552.56,1618277.371,0,994.6929953,30186221.16,995814.6537,1598.274067,0,661016.6804,44368.8239,4427.328741,2053.844687,0
45,q5 0.5% 2 c,2286301.051,147417.1347,10299.75687,42944.05209,34714.58371,914538.9172,1749217.406,106984.9509,79819.39541,239219.8352,140581.8869,4793445.642,2916777.678,120268.3184,0,0,47304764.12,2453890.766,687140.4613,4046396.772,4896676.095,34946313.46,2935639.301,684753.2205,2380278.567,2886576.08,8134050.039,93925.66154,64715331.5,4520935.397,2982204.185,9233887.418,5621603.486,184887499.8,1612209.413,2519.401252,0,88533.82168,13857925,478774403.4,1792247828,66848564.1,380565.3782,8106.413806,36520986.56,1886151.002,477863.2007,2806021.53,4099580.089,37810211.3,1623566.154,0,3769.829306,33818992.86,1032974.434,2335.06246,0,881394.4774,35417.1696,8501.360754,1397.725574,0
46,lac3 0.5% 2 a,3237752.643,221937.872,200249.4503,18291.50526,15099.27626,34104.79514,4534888.06,306822.6631,877962.031,107030.313,89062.48726,88289.86172,1275510.193,59355.2948,11525.10103,904794.5323,39239791.26,2056177.342,1196568.456,4275161.374,178764.455,28249245.33,2547952.5,9678560.107,1867727.058,623859.3899,1582133.809,30151.18715,173177430.3,12360753.5,33530564.84,4035442.847,3208039.629,2220646.603,306959937.7,19751006.99,421031.1414,0,0,877732.1796,832228456.8,31414189.18,5722509.057,268856646.8,43520909.75,2280170.951,1214645.73,4022892.452,156699.322,16814190.83,768569.0378,47618.55991,10742528.69,21594296.38,668271.2758,9867.690442,251729.9409,935305.9622,96849.40763,50037.19374,0,0
47,lac3 0.5% 2 b,2980288.786,199384.7753,205103.4398,21847.34015,33783.18284,31719.77678,4505893.977,315397.6583,936759.3667,124387.5385,104741.8372,99955.17597,1366409.078,55746.38916,7844.344864,788615.4745,36420104.52,1951611.621,1265434.534,4239966.003,184192.6947,29884373.3,2705981.657,12124291.6,2347933.449,790458.446,1788883.204,50744.89683,162979252.1,11755211.99,34077906.2,4283418.065,3525945.06,2626057.712,295718181.7,19161268.74,380780.0733,0,0,765947.0827,723673706,27164051.37,6151544.515,298799636.7,39204148.97,2118570.19,1491730.666,4283026.7,187211.3403,14865356.42,679165.9464,101293.0046,11866337.48,23920232.37,805227.4891,7226.826719,231892.713,931053.5467,64512.50594,59295.67975,0,0
48,lac3 0.5% 2 c,3153784.055,217111.1957,177334.4332,21184.79769,30076.69088,27793.53803,3998054.229,273490.2143,857073.4581,106884.6491,101885.2789,83992.15866,2353362.504,97247.41332,9715.960284,708574.6389,33993406.17,1859775.256,1174752.191,3887311.446,187665.1788,30487965,2777603.677,11600445.84,2394838.896,821038.1301,1873159.544,56991.51071,141162758.4,10272665.33,30420090.67,3952184.88,3467839.784,2463185.293,278756836.5,17907611.59,335353.3016,0,0,672293.4244,1786529542,66239082.62,6683260.737,311600343.5,41903210.83,2246373.471,1424842.633,4170417.533,217010.6293,27070331.79,1088933.697,56160.63483,11276541.14,31916672.58,1147266.641,9743.161624,184667.8853,1631138.361,80270.87631,53811.21638,0,0
49,glc2 21% 3 a,4313786.374,315560.9872,336118.077,27974.35652,43003.44453,7864.671475,9197255.505,718457.1663,1387419.921,117597.4302,156684.8058,10718.19205,2566403.234,133702.3615,915860.3334,36230.2214,65387251.57,4216701.374,9580939.91,626240.8744,339215.5127,45957310.92,4935535.599,23999294.53,1925032.972,3272246.036,372137.7749,54500.31127,279142462.2,21539850.85,40205794.09,3532392.14,4201346.278,145009.8033,489880907.3,31651611.8,618430.2593,0,0,21369.78107,784483395,33669539.46,169808366,5546320.944,71487338.85,4689351.056,10585016.52,742016.0224,393144.4627,30260246.35,1727722.548,16842198.15,486291.5218,23394732.86,992808.9066,1626045.276,45579.95314,1154135.575,90794.96951,139725.6095,2286.977467,0
50,glc2 21% 3 b,4163194.171,304369.3728,309850.9205,22397.2261,31192.84312,8105.36308,7961206.357,631095.8185,1214952.307,104462.5707,142232.1624,14382.99499,2622313.551,118967.5458,708932.076,15460.9717,51903351.82,3408954.162,7338943.685,479966.4335,259611.8882,41093133.44,4411961.256,19598299.62,1581715.897,2706027.474,227890.4668,43517.68335,214614783.7,16695699.64,32478798.1,2802883.351,3426282.476,89070.83053,380595158.1,24613233.39,450877.7829,0,0,141020.1164,1335872045,53526097.18,145375051.6,2654824.2,65923789.37,4284641.318,9799990.924,621071.7302,362670.2166,33792161.53,1738986.74,15032077.94,237916.9393,24170753.58,1174143.438,1441738.177,14425.67559,1044033.56,86204.31016,100801.9003,1989.233851,0
51,glc2 21% 3 c,3633705.836,253473.0661,249881.4318,17118.11749,32525.57089,7055.487466,7892023.311,610075.4147,1119009,89430.61124,124099.1945,0,2331729.924,123162.9112,747476.3432,17777.62657,61594647.18,3923084.584,8890749.807,533523.8296,277267.5768,46027339.29,4826883.212,22332812.55,1723542.95,2992462.182,225591.8328,37910.003,248403671.9,19358101.36,35117379.25,2910552.322,3557110.803,135753.078,457118430.8,29189673.82,586597.781,0,0,21327.87376,1010426260,41334152,145840628.9,2679670.532,61242943.34,4011957.277,9059946.293,538757.4176,311886.3869,36545095.53,1927655.757,17090448.43,268927.8925,23129392.3,1055391.696,1461163.137,17608.14432,1070368.242,68653.59917,103563.2889,0,0
52,glc6 21% 3 a,4595045.677,347001.1869,694577.2474,112690.3495,149876.8295,107814.2011,8956485.929,678236.3993,2452313.624,375087.1236,511993.2905,322406.9225,2120075.886,0,64592.29205,2458401.046,64836002.36,4222011.723,9085850.081,14416438.94,2051006.294,35499597.39,4132133.78,44210140,6617218.49,7444162.59,10863799.22,1286836.197,273843127.1,20850609.35,70844246.97,11173505.22,14762013.33,8612020.859,517298822,33160677.34,735687.8775,0,0,15071.38713,867926430.8,32993637.44,13969398.17,452281820.1,66963200.91,4319858.536,9907612.858,15064468.45,2157391.981,15892529.2,734597.2306,793405.2186,29737909.86,20229028.29,749268.5593,335904.7461,3819950.157,1308483.941,103984.0012,313078.3818,26673.84408,0
53,glc6 21% 3 b,4361732.29,317856.1847,503930.8511,81731.18074,112243.7019,78024.14019,8021458.458,612683.0732,2071687.832,343343.9573,440120.1018,307504.16,2348411.669,0,56607.75941,1886937.949,57416586.9,3653418.259,7869857.602,12269213.02,1780552.728,34715935.28,3797530.4,36144794.66,5730614.864,6073151.664,8916102.393,1053457.778,233513786.9,17887501.89,60561785.52,9869040.009,12830107.84,7423324.109,495954409.2,31481302.71,728101.1223,0,0,11990.47005,1739020345,64936691.79,12404995.56,398643647.9,64779521.4,4146371.732,8459021.68,12932455.26,1936625.602,44285387.51,1798826.823,1261723.689,49298480.77,25280794.99,890914.868,288979.0154,3390636.066,1305089.569,82230.01247,228803.992,27627.37447,0
54,glc6 21% 3 c,4222137.544,296480.7802,542183.4778,88428.25797,117009.6138,82629.96557,8108778.047,624425.5958,2131480.26,334886.7012,462442.0795,300241.0333,1643734.053,633.1232598,65221.64285,2078304.193,59122727.66,3799388.725,8276046.981,13588941.84,1777668.285,31791253.36,3580123.7,37382532.18,5880584.036,6297032.058,9457491.528,1100334.29,254582100.7,19410889.41,66111109.58,10389700.47,13530889.72,7801449.394,457676694.1,29442961.8,666396.5252,0,2012.647665,19709.98336,807983984.6,30658980.87,11273731.2,367515046.5,65295498.51,4153399.798,9046136.095,14475679.9,2018054.686,17567757.43,848997.1347,557681.1389,22377416.72,18124072.11,685141.7296,297767.103,3422733.848,1150532.424,57415.77238,218865.0623,23968.64542,0
55,q5 21% 3 a,3815568.784,273457.7099,45567.52089,297322.9184,82236.24303,2427634.492,3020995.65,297223.9194,228491.0694,1263134.777,331643.0681,10550415.26,14509799.42,704154.9185,3095.143422,39622.80361,82730753.51,5145143.233,4799505.157,4809428.796,31021494.84,62848148.45,6053537.512,5819896.152,6254913.467,26483649.79,10649409.53,192637.7581,100133957.5,9916362.007,6930635.299,41938729.62,10544054.42,338362699.9,8213601.461,301325.4339,2681.853364,177775.6477,29248911.82,1004736980,7352689412,273907766.3,1411259.57,4265107.419,65447400.57,4303430.361,5131711.402,5065098.582,34736238.32,121714446.7,5077935.129,0,439068.6153,83968082.02,2953906.814,14356.81338,2135.481188,1506947.41,102155.8377,118252.5966,9390.512918,0
56,q5 21% 3 b,2846754.142,207436.9346,53150.68995,347227.4255,93453.37188,2723547.926,2978091.536,327668.795,240984.6001,1523330.834,387490.6771,12018643.02,3476701.741,164972.984,0,25488.79423,49448662.85,3461313.883,5143189.196,4802549.864,32058259.69,47882629.41,4951977.033,5113784.454,6191403.553,26369544.8,10221102.97,209700.9578,85349593.97,9320812.627,7549793.134,42288759.57,10692012.36,329795792.6,4076585.246,71765.97205,0,271214.0024,29516350.4,1015845878,1146611865,43279079.98,494323.7233,2865912.138,55750229.83,4052437.755,5832871.458,5391680.417,37485360.07,76443712.86,3212676.863,0,409392.5904,27467965.5,731632.3559,4708.474001,0,996946.0812,62369.41677,190024.0017,14692.48968,0
57,q5 21% 3 c,2431064.798,206849.9064,53215.75158,301691.5532,86263.17363,2553451.897,2657798.643,278947.042,217362.28,1360574.701,345088.298,10973545.54,3758166.032,181065.9323,0,27039.33995,53584464.4,3743580.495,5270934.264,4899488.233,33086794.92,50067693.12,5086061.557,4866170.142,6249303.885,27118776.34,10302108.07,186357.7511,85214058.14,9110033.671,7409934.147,42280332.26,10637572.96,335229226.9,2247062.334,901.8029747,0,280413.8296,34177522.46,1174721145,1347052476,51258767.5,542715.1616,2345506.165,48780855.23,3468051.063,5215162.412,4928255.782,34737256.27,65176819.01,2669925.461,0,291833.5584,30126678.32,801222.1954,2464.734609,784.6962474,784648.6042,55254.79182,118920.1015,8091.021328,0
58,lac3 21% 3 a,4472379.45,348822.1016,470954.4076,73192.67228,50064.06046,47521.10872,8832150.218,673786.8451,1612132.742,225782.9872,173660.3846,116762.6554,3029765.13,144917.637,26896.89992,1603227.677,56507186.45,3505498.684,4708912.402,5075393.184,491941.8592,54174193.06,5431624.062,31492677.84,5988988.883,3915987.599,3451320.44,230539.3803,289589254,22175527.75,51167300.36,7609223.196,5274782.042,2913172.801,627281588.3,40339117.39,856533.6966,0,418.9804884,1614787.222,1330033348,49221035.95,16772918.25,817762095,78502251.87,4973565.482,6862871.573,7222653.341,694422.5714,34156559.95,1410226.313,451267.2926,26269748.36,24220428.71,740347.6361,18798.26785,220484.4175,1560064.962,84157.85244,188825.7951,19072.73971,0
59,lac3 21% 3 b,4317833.864,298119.5941,411925.3189,59334.40045,43492.1342,45118.14664,7684842.409,598764.8518,1475308.619,203893.8061,160028.22,101617.7372,2867111.027,165524.5331,22799.74489,1425381.085,56814130.27,3617757.158,4845659.265,5355450.65,546564.0332,49091331.05,4947732.094,29362990.09,5605575.725,3295658.952,3246621.4,224167.5528,263928554.2,21098571.18,49036831.83,6986035.743,4918344.126,2810610.741,719149800.2,46603929.43,915324.329,0,4784.847679,2382548.474,1359406657,50902248.43,21569940.72,1057395874,72219817.74,4607334.84,6739011.423,7193458.794,726114.9959,37621000.59,1614896.558,593119.2383,34350888.41,28147124.87,891718.2725,17791.01611,242707.1498,1357686.156,97652.89991,180801.821,4764.487483,0
60,lac3 21% 3 c,4095369.15,293788.5655,370607.1329,63474.36719,49100.21175,40430.18081,7944126.522,601176.2979,1468722.485,211505.653,164813.8128,105112.6578,3103753.125,141810.7014,24860.10967,1460040.309,59840765.91,3717976.197,4944705.45,5618998.262,556399.1748,50743743.67,5073679.094,31035679.65,5987294.324,3299155.544,3408456.794,218065.0984,271311781.5,20617031.98,49868296.1,7111189.875,4928688.346,2840599.327,921953315.6,60346078.62,1284499.733,0,326.8313535,5323611.077,1067003448,40199258.2,32676503.63,1645649838,66813386.34,4299727.685,6274618.042,6996366.369,688972.9749,86004018.27,3566513.096,612861.3705,37214822.83,29379543.78,939913.0454,18269.58481,222214.8237,1191991.832,71301.65429,158417.4404,8990.604405,0
61,glc2 0.5% 3 a,3863515.559,258434.241,227065.8741,4104.685633,28391.16349,4987.093499,5642457.649,393270.6951,679705.6464,28327.86615,71396.536,0,1724052.702,119402.9802,690884.1604,27330.24512,52563015.41,2805567.325,5768272.596,185921.4613,38779.15324,26423716.23,2404574.627,6692452.058,532066.0588,795469.1942,156358.28,268.2769942,198355490.8,13764737.04,23594029.52,1233710.364,2235453.917,24334.52737,412367898.4,26814346.91,466559.2463,0,0,24944.26139,693649304.6,28088226.02,101336157.7,2237220.348,43411424.86,2400266.612,4525884.423,149639.5924,34368.34404,20875484.46,1174944.448,10087910.27,163999.9606,23234025.5,823505.4518,1388478.884,15749.02249,663334.2685,18625.90203,22815.64926,0,0
62,glc2 0.5% 3 b,3324026.918,225813.3584,187953.91,4332.241011,25875.42089,10402.06423,5492807.602,382241.559,703967.3338,34433.84078,72323.6395,2334.213225,2008733.269,132440.8509,542168.8237,20843.00328,51758586.45,2833015.925,5483401.676,159528.9252,45607.89901,28760194.02,2579663.555,7471317.648,499553.9946,837801.6203,107075.6195,106.1200554,187986188.6,13123760.62,23133232.41,1194214.168,2293422.965,9423.141924,361066408.7,22864342.16,403893.6867,0,0,9187.320625,1089452086,42759751.22,88314089.4,1718785.36,42770882.19,2354879.342,4457370.619,139529.3516,40031.59968,25770123.65,1380790.734,10479688.86,152380.3603,25641503.58,1010875.857,1219884.655,15977.63169,992374.3023,55571.46177,19006.5677,0,0
63,glc2 0.5% 3 c,3034567.275,194711.8675,161828.0458,4143.005601,16932.41774,11133.98126,4998617.183,353858.7408,625356.1679,34280.66583,70025.9027,19117.08432,1567899.303,90858.31746,540009.9087,16116.1577,51386513.25,2831565.79,5685159.281,178975.1275,52818.06058,26641280.11,2384662.296,6395984.375,412337.2369,711529.9642,78608.71802,115.9456375,184537871.2,13211148.85,23090529.22,1194799.974,2222794.683,0,338730726.3,21875867.65,477659.2051,0,0,24971.67612,739909809,29382045.72,76480729.75,1514296.982,41700998.87,2277903.96,4324314.397,143292.2552,44452.88706,15114535.71,879725.7469,6676970.983,71194.11478,20777285.18,873621.8705,1185773.291,17373.60904,658479.7916,32751.82343,29015.12294,0,0
64,glc6 0.5% 3 a,3547691.9,243453.0651,347122.8859,43239.56819,63120.05115,66330.56643,5309608.251,364260.5361,1117476.157,133504.4619,193365.425,161702.5035,1731433.819,1814.513565,47152.06623,1692775.154,50646314.56,2749403.773,1954660.649,11099019.73,362326.5902,22588004.72,2067688.903,10574334.23,1813375.986,857465.3856,2553858.209,71197.53663,184913110,12906365.96,38088066.61,4554192.612,6251971.429,4553018.955,419439555.9,26999030.17,539044.4029,0,0,17413.16694,761807422.9,28706749.9,7214999.052,230138059.8,41135862.34,2226624.445,1702688.056,8747695.42,294562.9284,24180092.54,1046963.037,937827.2056,37307876.93,22853636.8,636109.7415,148884.5736,2995677.529,1209772.046,43163.41725,62583.86891,0,0
65,glc6 0.5% 3 b,3371983.383,226203.2814,330203.5395,40304.50294,59274.43975,68575.80703,5250674.548,364930.411,1183801.347,142570.3439,200474.9175,172854.27,1875985.734,2475.099717,39279.80479,1449107.591,48228188.94,2627956.345,2143036.199,10343793.02,372858.9971,24508374.25,2230240.647,10167303.57,1786484.46,884465.0981,2438227.45,81774.67538,176616141.4,12372759.69,38848770.79,4750345.109,6424407.062,4655444.101,335696543.3,21458931.82,462967.5255,0,0,22054.95685,1658234168,61688629.15,6576452.103,204832260.6,39829500.96,2169215.893,1934562.403,8366840.185,360147.074,26358063.8,1157203.733,361250.4574,17104379.17,25563059.74,751807.5565,136853.633,2745028.741,875544.2411,62388.06841,58319.26691,0,0
66,glc6 0.5% 3 c,2930146.318,198098.4654,250835.55,31355.03998,47138.09264,48897.13348,4835128.562,338128.3072,1066427.75,130611.0594,174130.9592,160813.8356,1559830.285,621.0323616,31632.06221,1323464.224,50009589.56,2637504.335,2114831.158,10733742.17,388287.0242,0,1894533.302,8492736.885,1615323.742,739848.2818,2101550.915,62052.98928,171679999.3,12424616.63,37130511.59,4791394.24,6277169.076,4338494.427,316146411.8,20096835.75,417749.9683,289.8997436,0,23869.95858,414377019.3,16436483.05,4682078.457,152211708.9,36653979.18,1988034.556,1732531.625,7817444.932,320870.5547,9262288.338,426689.9814,351232.0443,15574259.73,21459982.27,766743.561,124996.309,2656567.825,762416.0261,29653.51332,55075.77162,0,0
67,q5 0.5% 3 a,2541017.291,165682.7198,34852.34476,85160.77928,63508.03819,1990635.538,2006501.058,128295.5302,127683.3934,293864.3619,211707.4027,7008620.438,2426062.427,132386.1301,680.8424988,9691.670135,51595209.2,2706594.624,958642.1005,7003110.112,5227448.075,26388494.9,2248118.884,991232.8481,2328449.84,1929442.924,8208729.267,106186.9318,70291941.86,4909359.531,4266323.961,9860658.376,6858605.647,232826845.5,976104.277,1236.200208,302.8940777,96685.2357,18604352.32,650284646.5,841378583.8,31709982.58,96640.27799,554576.6901,42318924.91,2223484.929,683312.6229,5610286.071,4895926.697,25513005.77,1109384.249,0,21433.3925,25648164.57,827618.2047,1230.235348,0,750839.2659,29884.2695,16209.42403,0,0
68,q5 0.5% 3 b,2428946.122,170691.4896,32687.03746,84956.11897,58481.17458,1817527.799,2220262.404,156911.5935,131316.9724,342867.8807,216399.9902,7451338.501,2409953.759,118989.4037,0,3935.922663,49431293.39,2586877.962,947715.3265,6267575.43,5518273.596,27460440.32,2329529.653,756188.6266,2385760.343,2260591.29,8644815.883,111416.6352,69738624.42,4604020.46,4009713.877,10582688.19,6807719.334,221414382.3,2020832.681,17165.96396,264.6662382,98106.08158,16734645.74,584504102.2,1292672767,48562790.3,217305.3324,488833.7638,41267753.17,2183166.387,700311.0765,5096407.756,5421803.565,38946610.22,1574039.122,0,20119.89226,27190640.48,872072.6446,614.7660704,0,782211.4393,26390.67566,8113.798985,0,0
69,q5 0.5% 3 c,2085241.446,148970.4933,21807.28894,70489.85526,50016.73013,1427877.315,1982501.966,123102.625,122459.7985,284785.1929,175101.0993,6155321.106,1940791.843,102967.4412,0,5244.240759,48627780.62,2554444.972,909043.4532,5739010.113,5499573.988,25303068.99,2105038.354,587921.4161,2126783.652,2113631.549,7618030.143,91192.39917,70030155.72,4821352.638,3789703.719,10380164.14,6563663.331,215748456.5,1159690.371,489.8523794,0,91774.68709,15181242.76,529699418.8,996846502.5,37988890.62,201867.2934,48506.46283,37974307.49,1971585.811,605001.1137,4334068.229,5044534.35,25595736.1,1142627.05,0,3139.730742,26109059.19,760538.6336,0,0,659855.4143,21149.37825,14589.54866,0,0
70,lac3 0.5% 3 a,3735381.809,262120.5783,326893.8314,30056.72284,29629.68685,37224.09071,6456781.728,435662.7513,1048875.504,111928.4612,87484.61164,77123.16499,7019985.473,346339.223,22859.19275,1397790.18,56848246.75,2938230.462,1146821.801,3932983.552,111538.4177,25407501.23,2267103.973,7688708.118,1270033.478,391165.1399,1077191.105,9632.711548,224486644.9,15734188.51,36414538.83,3479589.403,2612817.766,2164366.561,438898291.7,28091544.43,500298.4215,0,0,1008992.427,3570098313,133928692.7,9323318.34,423992147.9,49147061.67,2634995.458,1301816.156,4103084.694,126012.2846,63503464.32,2712935.545,403371.1006,27048798.66,62972148.31,2296569.306,33341.06108,246076.2484,835035.5516,73617.05205,51560.47315,0,0
71,lac3 0.5% 3 b,3655507.001,259265.6917,311068.0747,35545.53148,31749.26873,38196.45054,6733482.036,471500.3778,1230502.055,140497.5227,99512.70975,107036.6966,2818112.989,156799.2197,19490.39548,1167859.783,47144039.02,2509115.597,1363330.283,3872940.222,164323.7662,29478227.82,2660965.327,11055981.74,1764918.214,565567.6244,1290233.402,21905.56807,206509814.2,14335686.79,37641726.41,3993334.428,2946360.03,2471961.664,461488639.9,29802510.33,558352.3896,0,323.4319307,1354350.758,2233405345,83152166.49,11250225.34,538262031.9,50244730.77,2713544.115,1557807.396,4138504.332,162542.1192,64014140.08,2765856.87,636809.8288,38520142.37,33897687.09,1158930.579,16120.25362,263402.2514,1101472.84,48978.54376,51025.51095,0,0
72,lac3 0.5% 3 c,3360108.309,221723.7052,235457.5152,32024.40666,23606.37888,37423.99365,5242354.375,352820.3617,1018896.142,119209.6194,90438.17269,89488.92402,1928291.161,105442.3638,15675.10867,1082700.236,42838349.54,2293302.455,1381722.01,4020298.382,163582.9336,25866105.92,2319679.41,10050167.76,1691987.499,553668.2023,1184687.092,25865.03822,185845064.7,12875487.21,35721035.69,4173041.107,3035596.95,2418650.52,428319932.6,27803193.71,544891.689,0,0,919348.7041,1000705017,37366142.72,10013624.12,497082596.8,44866187.86,2431734.549,1499494.159,3994017.602,170133.0775,19834899.65,902058.4591,229317.1461,18634031.97,29237902.4,1028980.94,15327.01044,286130.4377,845421.3106,38168.91671,69956.82975,0,0
73,glc2 21% 4 a,7497026.577,558672.862,896763.6108,73835.59198,101758.2666,8856.511674,12381085.61,985849.8777,2022516.34,176080.2856,243620.0605,24197.88996,2681037.908,171062.1614,1379017.006,34665.2573,61245238.21,3867875.861,9415383.26,513302.9345,333243.017,39833964.56,4353747.222,22670783.28,1788550.368,3280016.575,296659.169,54285.06905,327117838.3,25942804.21,53048951.81,4356210.979,6040350.333,182848.1818,566646404.5,36704525.51,697635.7011,0,310.0870998,14862.39314,749164125.8,35570325.81,286190912.7,5417909.098,78263512.45,5128583.228,12615959.16,747049.4048,458347.3572,29375467.71,1729172.474,20465779.49,356273.7033,17667722.01,1096754.243,1964109.225,27983.58882,1206719.079,109221.5009,166706.2618,6852.386348,0
74,glc2 21% 4 b,7487049.524,567859.0989,927392.1324,82672.8557,110462.9858,11678.29996,12320109.15,1010437.443,2084677.848,181257.314,241782.7818,24682.26056,3159105.862,174682.5053,1248039.295,33506.16701,60894116.13,4020047.314,9357909.621,594598.0202,364865.9344,48350329.16,5311074.966,28125784.68,2225248.212,4087213.799,326022.7756,73213.83315,313572949.8,24752822.77,52230440.44,4690615.323,6047494.884,252307.0462,564087447.1,35920171.79,748265.041,0,0,15346.90148,1295632543,56757886.78,312294108,5988042.086,80585318.3,5306191.141,13365743.1,870266.2994,523094.6387,41054102.58,2329436.691,23237906.42,397783.3939,22449697.99,1256592.392,1875713.073,28290.10889,1367555.921,110462.525,193583.9002,5491.151769,0
75,glc2 21% 4 c,7684672.129,614883.4586,976860.2981,80708.73741,109679.6194,11374.10456,11885134.36,938353.1036,1963786.356,172290.67,235670.3995,33702.14047,4074512.228,230476.4092,1283869.149,34860.15225,60971575.54,3917571.984,8848301.257,542989.6093,323680.5873,39089772.1,4305883.71,21818378.92,1701723.488,3134760.579,235490.8142,52888.79936,316000184.6,25046949.88,52407637.02,4598244.537,5859960.18,246915.2308,503155562.2,32499248.32,660056.4705,0,0,10436.5699,1731683402,71405910.66,251526047.8,4785914.474,78572558.33,5197620.241,12910867.3,802904.7726,478535.9555,38279720.67,1974844.525,13383594.81,201232.602,28643201.98,1597600.893,1729078.586,29570.06147,1314227.306,88322.21614,157537.438,3736.328184,0
76,glc6 21% 4 a,8302924.832,648380.495,1882874.001,290765.8122,397547.564,262284.637,11167229.15,864641.991,3393084.598,535068.7722,745205.5428,497656.0899,2400024.983,11944.13792,94426.45661,3373878.948,54293809.72,3442162.153,7574188.459,12409646.2,1722864.58,31106706.33,3571801.055,43265253.33,5812428.225,7509341.352,11310576.65,1343144.983,301926226.4,23707664.93,90512966.18,13538585.95,18777472.91,11046839.68,597971574.9,38567118.96,860121.1729,0,0,2906.081505,750570030.8,28971591.58,20528219.55,637914721.7,77489766.61,4941320.758,11241999.58,18346447.18,2613927.538,19653426.25,801868.5287,773624.8456,28931258.25,23641336.86,989885.4062,522442.0629,4370205.039,1612878.312,102052.3677,355127.7708,46659.55431,0
77,glc6 21% 4 b,6006078.657,441599.049,1173134.064,193002.5838,266002.2294,166687.3925,9283261.318,727190.6506,2769843.106,451850.6416,640220.4143,427453.1152,3178623.247,31211.63833,66914.48125,2306657.518,49523821.84,3020006.976,6418438.573,10700513.64,1521940.306,27045362.16,2972591.138,32145360.57,4626533.237,5668209.759,8741185.115,1063849.245,232727854.9,18363945.73,67391276.78,10521404.66,14715602.23,8777791.56,456473717.4,29200504.87,695873.5272,0,0,12983.45465,1417508236,53016205.29,16211113.43,528006180.2,64897115.4,4139148.562,9875679.341,16255098.64,2313553.714,25723316.62,1168408.285,1048429.289,39324171.67,27450620.08,1230847.382,397196.3548,3559685.268,1280958.976,100363.5821,254932.807,27428.53678,0
78,glc6 21% 4 c,6832355.129,496432.6968,1470260.535,218852.3441,305648.5563,205820.4394,10098297.01,774466.4285,2983912.128,462935.5049,659358.7336,427255.528,1769855.85,15533.43089,91526.90855,2716092.941,51787852.22,3210259.373,7157870.386,12453044.99,1710966.321,26278407.49,2925493.007,32409199.43,4512939.327,5522322.768,8810051.396,1024867.225,279679480.7,21206582.89,80769137.21,12878414.36,17617184.46,10504689.57,484480140.5,31120105.59,822196.1959,0,0,23823.109,590952208.6,22857249.94,17943106.35,511632524.4,68890143.72,4414911.559,10093827.76,17161385.51,2371337.842,12659484.38,634896.5029,768775.1872,25845692.05,20270048.59,942383.5537,497709.72,4257354.633,1323058.605,104424.0023,297788.5554,33097.46166,0
79,q5 21% 4 a,3647911.054,337751.199,143141.9922,837157.0005,201383.3466,6232280.405,3981043.815,389547.096,343937.5125,1998341.595,514726.3258,16135030.06,3251848.149,192608.7202,1821.647578,43118.12402,46991539.69,3276319.181,4629866.292,4640830.706,27357024.31,44162525.19,4417378.712,4972573.575,5680074.007,21147831.78,10258646.47,217799.8814,106531852,11700256.59,9313446.569,51965135.37,12787366.84,403418378.1,1792689.64,7643.068011,0,287767.2553,22429979.88,780407275,970523643.2,36795644.31,375119.9969,2056014.52,61015158.6,4373692.029,6116951.303,6322654.122,39588558.69,35945273.39,1459737.961,0,166507.6824,22892225.84,560413.9691,3860.354599,907.5955613,959246.3562,78128.17846,213916.3092,24818.50641,0
80,q5 21% 4 b,3834187.166,350008.359,159304.308,881769.5857,203517.4778,6296710.115,3744068.787,393341.5907,330961.5236,1905443.3,474530.9339,14880197.72,3210301.732,154717.9067,0,28573.17286,43840288.26,3083577.389,4511338.014,4177465.885,24827519.29,45333955.19,4637427.198,4431186.738,5694652.006,21230359.27,10268455.83,214578.9846,95698012.81,10795360.05,8642634.526,47532672.71,11830594.54,355626334.3,2747744.975,22511.43088,0,211740.9678,20726071.22,716353465.5,1194078294,45706685.39,463768.0757,2054519.225,59202081.9,4251311.561,5992062.676,5925287.278,37175653.47,40470013.15,1625858.604,0,113433.7712,26722022.21,694754.0182,5661.729192,1530.226448,992544.2215,70753.05678,183474.8968,23111.92167,0
81,q5 21% 4 c,3710094.305,313545.3238,143975.2738,791633.0859,184295.9338,5973006.994,3745960.444,403433.49,318562.9191,1845342.767,448957.4817,14671671.63,5129975.587,294787.7345,1214.24165,28729.94369,50654423.18,3460280.611,4764465.599,4419823.218,26895526.68,49657825.25,4975228.097,4544714.611,6135325.245,23535837.22,10834334.94,207080.9202,100554083.4,11018952.63,8619893.239,48788681.97,11596772.38,374097677.9,1513584.291,4367.640406,0,268211.5855,22098847.14,787139121.5,3006782760,111938805.5,716157.4319,1409864.203,59054114.36,4177889.751,5885305.913,5881331.789,37227638.48,84534942.67,3269943.884,0,150737.1477,35580437.74,1032239.706,5740.06793,658.0652002,896219.275,70782.62137,189231.9552,21621.51836,0
82,lac3 21% 4 a,7275704.699,525085.419,925911.0276,122805.5548,92266.29022,71406.24116,10368850.62,821324.3182,1885955.857,258281.0963,168211.8476,107633.3804,2687036.934,122915.3437,26311.73917,1617575.887,47459952.25,2968509.94,3728253.978,4166695.97,354180.7151,46160288.75,4598908.303,22933408.03,4521857.68,2710917.562,2296492.126,132853.1723,297631875.7,23204688.45,51888104.24,7302620.983,4476899.754,2452245.785,514034704.9,33324454.08,769561.1369,0,836.6735186,1309971.558,1085190809,40648481.41,10663330,501365631.1,75321364.93,4801376.329,6404244.7,6838526.964,646483.1534,28935669.98,1305352.82,253466.2139,18631456.49,22687136.14,688708.5994,30407.72707,206693.351,1264397.768,110820.051,175995.3428,7195.587823,0
83,lac3 21% 4 b,7885597.33,603165.2351,1052346.131,148479.894,99271.83914,66023.9382,10927826.38,853399.3643,2017535.919,285634.966,194121.0615,122170.6188,3587567.82,170640.989,28824.76839,1645683.872,52661747.08,3344121.223,4081677.143,4422499.043,402646.1985,57252787.05,5782232.135,31077257.6,6086704.342,3135199.954,2902428.747,187828.4632,308751680.6,24256468.83,56040919.12,8045020.813,5483026.642,2656889.351,564375148.7,36031328.11,873288.003,0,1640.25824,1028175.94,1828358347,68370407.96,13707864.31,645535711.2,81920344.18,5176331.79,7132118.17,7386771.735,696181.8426,50073481.65,2021111.572,439648.5441,26605631.54,27917297.72,913672.0486,24313.1113,202783.7172,2511029.519,184345.5101,214996.1556,8237.951714,0
84,lac3 21% 4 c,7251589.743,521307.5595,986992.9993,130025.4836,86758.27925,69439.22051,10608082.21,833238.6287,1960047.918,269169.5368,181774.4093,128945.8296,2579425.615,149786.4303,27444.69852,1609785.824,52370723.8,3262533.769,4194544.714,4684774.516,399145.1905,49684813.8,5023459.083,26414675.25,5242947.806,2530875.269,2479724.711,156556.0479,312411592.8,24255240.5,57205315.18,8302795.107,5131163.451,3003879.921,516511388.4,32893273.94,741630.8355,7075.617919,0,1026352.43,1156048269,43148510.01,9776761.33,466482330.6,74749743.44,4786137.589,6566374.596,7266443.935,638593.3719,29059107.55,1269950.413,211507.9309,16282172.48,23402369.48,716324.6499,29035.87532,213027.6747,1394392.563,118510.0851,204890.4591,9068.681382,0
85,glc2 0.5% 4 a,4694355.239,316424.3084,312288.3055,9078.621946,36635.01936,6380.002084,6060546.066,411874.097,687726.8,34093.18957,65220.71833,0,2067492.577,119847.9575,833713.5485,34426.07768,54088708.35,2946788.755,5732237.502,170863.4892,21393.30899,26774560.68,2453250.962,6682515.338,523662.2429,765039.2908,173469.7458,468.2090429,187185628.3,13110720.4,20815665.36,1018025.398,2034130.117,0,452669492,29077247.06,486756.5654,0,0,12720.132,791146236.1,33071546.13,137167569.4,2531053.582,46026683.51,2496345.136,4825453.647,156986.9858,25710.09339,28072790.56,1552801.057,16591763.3,254474.2189,21597091.23,923499.8614,1525519.162,24847.74399,534569.9394,51549.70404,31363.53957,0,0
86,glc2 0.5% 4 b,3946968.544,258405.4187,273457.996,8203.121193,28437.209,6014.184634,6029288.632,404727.2044,742461.5093,36655.26552,78107.55786,0,1760526.858,98799.12141,669131.6464,18423.90791,46117184.98,2573119.147,4808730.225,141134.6465,37222.79264,27949003.34,2487769.605,6868532.791,472541.2983,764308.3197,108382.3003,124.4384524,167278202.1,11568119.94,20907177.24,1076491.814,1947189.112,6140.952413,414203796.8,26993222.49,514762.0134,0,586.6850625,16994.00531,542573216.3,23247088.54,137332541.8,2591932.005,43381007.25,2398634.009,4385495.093,137451.5665,36804.75235,33017922.74,1780020.157,22209379.44,346322.8998,23038983.44,991718.6572,1455236.588,23586.52656,706287.3816,35347.13965,18230.48829,0,0
87,glc2 0.5% 4 c,3325632.729,256023.7135,172205.1759,4765.341601,26327.35828,3963.778607,4967935.425,336114.6132,650554.0779,25944.88966,69677.85097,2293.291585,1709522.753,96435.49617,617630.7814,27845.57029,51357060.2,2889756.657,5377302.113,168766.4841,45244.54342,28165345.77,2537938.127,7165056.075,464597.3895,782238.4771,90667.18115,174.4798843,165308605.6,11648612.18,20647788.75,965299.5465,1992009.412,6364.864653,421997849.3,27070575.91,559407.6232,0,0,26392.03746,646880349.3,27075514.07,108055766.3,2041209.889,39655367.79,2181453.115,4183776.959,135856.5489,27310.83272,34878135.25,1871784.03,20515520.16,318980.0697,25131363.43,917943.4664,1366580.43,21035.03152,862943.2925,87365.48874,30113.89916,0,0
88,glc6 0.5% 4 a,5280453.05,367670.069,607184.097,61889.15223,99550.40381,93735.30066,6340462.732,433642.423,1305363.815,145356.199,214267.3422,182296.4787,2259424.704,0,62253.02699,2193242.816,55808429.96,2972383.821,1951475.71,11961693.19,321104.6797,26303800.8,2397997.468,12340475.18,1850931.109,913391.4143,2928354.975,67819.76914,191138369.3,13008894.61,37921081.76,4146802.05,6017945.919,4346704.637,589697596.4,37877961.32,638994.8699,0,0,4647.24716,852839890.2,32537697.23,13523421.85,454959101.1,50099907.29,2643699.771,1741398.99,9980856.805,297763.1077,22707434.12,1020388.618,1454172.935,54521972.54,27224428,711711.9841,195139.4406,3525019.962,969176.7287,52267.21326,67693.14788,1388.020204,0
89,glc6 0.5% 4 b,4376848.386,297486.8196,499781.8736,56514.63636,77572.12631,84894.25892,6488526.735,441363.183,1416747.367,160206.8732,227458.0333,201642.8939,3726398.304,78493.4822,47582.11754,1747946.231,54264653.05,2863409.658,1949956.159,10138888.76,356814.7961,25335094.42,2318970.897,11341792.26,1680484.206,904462.8165,2571948.187,73162.99182,174816052.9,12196577.42,37954169.15,3984414.402,6009974.141,4345297.357,394016165.7,25353916.58,464817.9163,0,0,24204.31289,2457864759,91023303.34,9668918.487,295376595.7,45792853.91,2451770.619,1871993.115,8960216.553,342542.8313,57091485.96,2212446.099,1114178.366,44012265.42,41830345.87,1392218.111,164197.2335,2733068.787,1081864.355,79216.84884,67735.21594,5843.965164,0
90,glc6 0.5% 4 c,3772274.839,272058.1442,396481.2645,41091.79766,58649.8945,74427.46599,5372471.796,361745.1467,1202711.671,143530.6354,200556.3736,176962.3972,2722498.755,6554.221098,51843.78683,1703958.803,53714483.53,2846105.071,2046517.312,10211038.52,340700.9671,23444558.05,2133292.866,10197364.21,1644728.607,824652.6276,2399119.909,68352.22647,166696182.2,11881665.98,36608156.67,3985053.772,5650972.069,4371483.677,421269261.5,26912627.74,486931.1076,0,0,130952.1354,763175929.8,29178425.52,9002143.128,290243628.5,43410017.87,2367309.353,1762464.991,8404307.102,319068.0053,20622126.55,970581.4485,1102257.356,43009256.64,35557218.32,1161572.676,168644.1079,2762596.623,966705.4864,57682.62553,50955.7087,0,0
91,q5 0.5% 4 a,3023213.209,202679.9025,43164.87972,94580.36566,81743.83833,2674342.319,1957356.967,126030.204,124490.1102,230953.1518,196052.9064,6979039.103,2218230.115,130203.8937,0,25730.19392,47554170.56,2519186.569,892285.2431,7570794.907,3898363.559,607.2429494,0,665740.7322,1586024.533,1044695.16,5906247.72,68284.79471,60538871.67,3947795.877,3404217.545,6891671.6,6264008.934,206571608.4,936401.8964,5568.709429,0,73625.46277,17272802.22,602512231.7,630555122.2,24057347.49,140676.4783,275776.6447,43949539.49,2270886.403,570737.4039,6104234.437,3739234.063,38477050.29,1648685.996,0,28875.79114,24365573.7,775466.7849,0,0,587332.649,33799.61445,6115.894016,0,0
92,q5 0.5% 4 b,3611743.292,254728.4322,37368.93026,92464.49127,68395.18599,2103856.061,2937264.166,177872.7091,140727.0589,287284.2444,218868.29,7146138.721,10822775.66,557437.0508,783.2824874,12089.00479,64787545.64,3342619.532,801359.0921,5982802.746,3894883.736,33052826.89,2702412.793,620399.4646,1971002.887,1514051.105,7455261.994,87566.09452,69009065.06,4698268.526,3836647.61,7811443.529,5823692.857,191884783.3,3849514.179,89580.08181,0,59984.66256,13458233.27,475009810.7,7820577167,290994546.6,889748.1763,2074.410271,52702571.76,2688747.792,604654.6386,5414484.336,4141544.906,176680422.3,7240601.035,0,5226.953015,86379403.73,3070428.573,6871.541992,0,2244015.262,123153.3447,5008.542041,1167.100567,0
93,q5 0.5% 4 c,2394690.39,130764.6617,32429.20178,86543.82349,57392.56474,1859681.807,1912459.724,125610.9498,116655.9487,277523.5446,187094.6821,6302648.118,2188116.63,135339.8801,849.2791351,16412.15044,46051734.67,2419806.133,917006.7571,6317658.47,4681945.436,24668748.73,2066127.867,593688.8891,1970306.71,1676453.538,7526767.824,93030.05154,61899198.16,4306455.768,3700722.437,8406783.525,5822185.994,193787335.3,953184.3457,8298.968635,0,86210.34686,14851029.72,520337438.8,826312982,30932034.39,154867.3776,32244.74656,37592704.55,1945684.095,623258.1209,4983765.524,4310772.427,35893732.29,1631347.563,0,12024.86011,25028111.82,688973.3366,3214.974757,0,719969.5064,52777.03688,23437.5356,1989.443451,0
94,lac3 0.5% 4 a,5720098.021,370579.7873,453084.3445,42543.57567,31216.64666,35689.28343,7509344.925,510259.301,981150.94,89266.34326,54043.45218,72939.50905,3636774.89,245483.7131,24593.46916,1512904.662,48604413.43,2534268.526,780419.3438,3288275.601,62893.51745,27905108.74,2425165.215,6006140.389,950426.8998,219702.6169,763808.2182,2387.075536,208317112.3,13818020.75,26644313.72,2447549.174,1692098.139,1351123.718,406549643.1,26270968.07,522225.7853,0,677.2237407,1036337.002,2132539602,78996721.83,6607981.047,292513509.3,64589364.79,3361919.727,945345.3628,3780579.921,76377.30428,53031328.16,2322805.253,248997.1353,19033165.82,34253280.07,1127196.524,18849.17272,326385.5823,1340592.566,59640.76098,37114.32681,0,0
95,lac3 0.5% 4 b,6038393.674,400352.3313,375357.2184,30542.34708,32189.26994,45310.49134,7303722.697,504028.0437,1061361.613,110597.6888,65542.51871,72579.2905,7893221.043,380251.9551,15225.55769,1143731.247,52999070.59,2854768.647,868627.5994,2815436.192,65402.16798,31888989.35,2798685.167,7286795.138,1140991.392,299593.5265,758056.083,5597.569451,190648689.5,13055164.91,28612500.03,2878259.429,1882714.048,1615079.904,332374329.1,21619545.87,391711.702,0,0,670407.2074,6134085735,227394655.4,6899264.674,286009497.5,58967246.56,3094992.025,1196413.176,3686242.605,96814.1552,125923171.1,4981003.103,280027.0198,18873488.65,69803399.17,2487831.331,24352.36433,217412.1468,2562953.804,125053.9306,40586.72418,0,0
96,lac3 0.5% 4 c,3255903.337,197562.4409,233145.6371,26758.85452,21837.92118,30155.52961,4769317.671,322138.0148,840090.5851,90806.46636,65240.16792,67881.03652,1217420.707,74524.62049,10324.29923,1022013.442,36966584.35,2026621.05,985610.9017,3379504.593,109700.3967,22665353.71,1949831.449,6198401.85,1018279.435,289070.1216,718756.4968,8456.132639,164212278.5,11332164.2,28225292.63,2950023.484,2186511.652,1670401.13,303058628.9,19597771.96,352175.2807,0,14956.83965,606776.6056,742557577.4,27925463.9,5463215.621,262702775.2,38889105.13,2058482.402,1133953.835,3452387.71,113363.5479,14683759.39,738785.4243,64374.92109,10156972.71,22662004.51,726966.2945,18630.26382,350972.4957,735121.1709,31453.55353,46774.87577,0,0